-- Clean tables CASCADE
TRUNCATE TABLE "logs_auditoria" RESTART IDENTITY CASCADE;
TRUNCATE TABLE "accesos_vehiculares" RESTART IDENTITY CASCADE;
TRUNCATE TABLE "vehiculos" RESTART IDENTITY CASCADE;
DELETE FROM "usuarios";
DELETE FROM "zonas";

-- Seed zones
INSERT INTO "zonas" ("id", "campus_id", "nombre", "ubicacion", "tipo", "aforo_maximo", "aforo_disponible", "estado", "enabled") VALUES (1, 1, 'Sótano 1', 'Sótano Principal Central', 'Automóviles', 50, 50, 'activa', TRUE);
INSERT INTO "zonas" ("id", "campus_id", "nombre", "ubicacion", "tipo", "aforo_maximo", "aforo_disponible", "estado", "enabled") VALUES (2, 1, 'Sótano 2', 'Sótano Posterior', 'Automóviles', 40, 40, 'activa', TRUE);
INSERT INTO "zonas" ("id", "campus_id", "nombre", "ubicacion", "tipo", "aforo_maximo", "aforo_disponible", "estado", "enabled") VALUES (3, 1, 'Piso 1 (Abierto)', 'Nivel Superficie Este', 'Automóviles', 30, 30, 'activa', TRUE);
INSERT INTO "zonas" ("id", "campus_id", "nombre", "ubicacion", "tipo", "aforo_maximo", "aforo_disponible", "estado", "enabled") VALUES (4, 1, 'Zona Motos A', 'Cerca a Entrada Auxiliar', 'Motocicletas', 25, 25, 'activa', TRUE);
SELECT setval(pg_get_serial_sequence('zonas', 'id'), (SELECT MAX(id) FROM zonas));

-- Seed users
INSERT INTO "usuarios" ("id", "rol_id", "nombre_completo", "correo", "documento", "tipo_usuario", "password_hash", "enabled", "campus_id", "zona_id", "tipo_guardia") VALUES ('1d5a7551-b628-4341-87a9-514c5b0798b0', 1, 'Administrador General', 'admin@unicampus.edu.pe', '00000001', NULL, '$2b$12$pRRNZ64K92rD8GTOC.TGju8KiAiFNypxFnyNLJdULlxyg1is97mL6', TRUE, NULL, NULL, NULL);
INSERT INTO "usuarios" ("id", "rol_id", "nombre_completo", "correo", "documento", "tipo_usuario", "password_hash", "enabled", "campus_id", "zona_id", "tipo_guardia") VALUES ('f9e65f8a-be0c-4937-8dc6-c1b2162c0095', 3, 'Sofía Medina', 'coordinador@unicampus.edu.pe', 'CO-776655', NULL, '$2a$12$/XBDATriumogCXJv/Pm6z.H064VSvt8M2Z6IupM4BeE4YWI0vouya', TRUE, NULL, NULL, NULL);
INSERT INTO "usuarios" ("id", "rol_id", "nombre_completo", "correo", "documento", "tipo_usuario", "password_hash", "enabled", "campus_id", "zona_id", "tipo_guardia") VALUES ('69ff5acd-fcbe-4753-9719-355e0b339e49', 2, 'Rosa Quispe', 'seguridad@unicampus.edu.pe', 'SG-001001', NULL, '$2a$12$K0ZT9POgwR/duos6W0iTVOtRh1PI/YVSaUyhi9UmF9JgT4YUozvIy', TRUE, 1, 1, 'entrada');
INSERT INTO "usuarios" ("id", "rol_id", "nombre_completo", "correo", "documento", "tipo_usuario", "password_hash", "enabled", "campus_id", "zona_id", "tipo_guardia") VALUES ('cbafcc7f-b3ea-4f8b-bb3b-8ae83bb62452', 4, 'Juan Perez', 'estudiante@unicampus.edu.pe', '202110482', 'alumno', '$2a$12$U/acQhhoxBoROLzTCB0cnugTwEeIz.5vkUkMJTqaicJBrgoTN5K.a', TRUE, NULL, NULL, NULL);
INSERT INTO "usuarios" ("id", "rol_id", "nombre_completo", "correo", "documento", "tipo_usuario", "password_hash", "enabled", "campus_id", "zona_id", "tipo_guardia") VALUES ('4204b1e6-670d-42d3-a09f-74f3d51368be', 4, 'Maria Rostworowski', 'profesor@unicampus.edu.pe', 'PF-443322', 'docente', '$2a$12$5AwDAV.WfOQEEiPEzZjZKOkYkhfKtLJ/sMIS6Y95a8sz3hOe7gsO.', TRUE, NULL, NULL, NULL);
INSERT INTO "usuarios" ("id", "rol_id", "nombre_completo", "correo", "documento", "tipo_usuario", "password_hash", "enabled", "campus_id", "zona_id", "tipo_guardia") VALUES ('adcec263-d2f7-4bcd-96cd-01f11d89ace1', 4, 'Carlos Vega', 'personal@unicampus.edu.pe', 'PA-112233', 'personal_admin', '$2a$12$uOxR73mdnKaM2GAbB8xDjOLtJumTrOr5BYQbUZiSdlM.yaKpiTAx2', TRUE, NULL, NULL, NULL);
INSERT INTO "usuarios" ("id", "rol_id", "nombre_completo", "correo", "documento", "tipo_usuario", "password_hash", "enabled", "campus_id", "zona_id", "tipo_guardia") VALUES ('8cf75e11-dcbe-4753-9719-355e0b339e41', 2, 'Pedro Picapiedra', 'seguridad2@unicampus.edu.pe', 'SG-000002', NULL, '$2a$12$K0ZT9POgwR/duos6W0iTVOtRh1PI/YVSaUyhi9UmF9JgT4YUozvIy', TRUE, 1, 1, 'salida');
INSERT INTO "usuarios" ("id", "rol_id", "nombre_completo", "correo", "documento", "tipo_usuario", "password_hash", "enabled", "campus_id", "zona_id", "tipo_guardia") VALUES ('8cf75e12-dcbe-4753-9719-355e0b339e42', 2, 'Juan Lopez', 'seguridad3@unicampus.edu.pe', 'SG-000003', NULL, '$2a$12$K0ZT9POgwR/duos6W0iTVOtRh1PI/YVSaUyhi9UmF9JgT4YUozvIy', TRUE, 1, 2, 'entrada');
INSERT INTO "usuarios" ("id", "rol_id", "nombre_completo", "correo", "documento", "tipo_usuario", "password_hash", "enabled", "campus_id", "zona_id", "tipo_guardia") VALUES ('27777001-717e-43bf-be7f-94c49f5f1a93', 4, 'Vanessa Rodriguez Gomez', 'vanessa.rodriguez45@unicampus.edu.pe', '202339256', 'alumno', '$2a$12$U/acQhhoxBoROLzTCB0cnugTwEeIz.5vkUkMJTqaicJBrgoTN5K.a', TRUE, NULL, NULL, NULL);
INSERT INTO "usuarios" ("id", "rol_id", "nombre_completo", "correo", "documento", "tipo_usuario", "password_hash", "enabled", "campus_id", "zona_id", "tipo_guardia") VALUES ('309b04ed-b6fa-4df5-8ed7-c106c220fd16', 4, 'Carlos Torres Rodriguez', 'carlos.torres96@unicampus.edu.pe', 'PA-81482', 'personal_admin', '$2a$12$U/acQhhoxBoROLzTCB0cnugTwEeIz.5vkUkMJTqaicJBrgoTN5K.a', TRUE, NULL, NULL, NULL);
INSERT INTO "usuarios" ("id", "rol_id", "nombre_completo", "correo", "documento", "tipo_usuario", "password_hash", "enabled", "campus_id", "zona_id", "tipo_guardia") VALUES ('3447b797-8efc-4746-9a6e-51d11cf4684e', 4, 'Luis Ramos Mendoza', 'luis.ramos14@unicampus.edu.pe', '202322280', 'alumno', '$2a$12$U/acQhhoxBoROLzTCB0cnugTwEeIz.5vkUkMJTqaicJBrgoTN5K.a', TRUE, NULL, NULL, NULL);
INSERT INTO "usuarios" ("id", "rol_id", "nombre_completo", "correo", "documento", "tipo_usuario", "password_hash", "enabled", "campus_id", "zona_id", "tipo_guardia") VALUES ('aeb6eb82-34dc-4f00-8a33-0c72dfe37403', 4, 'Gabriela Flores Castillo', 'gabriela.flores87@unicampus.edu.pe', '202383563', 'alumno', '$2a$12$U/acQhhoxBoROLzTCB0cnugTwEeIz.5vkUkMJTqaicJBrgoTN5K.a', TRUE, NULL, NULL, NULL);
INSERT INTO "usuarios" ("id", "rol_id", "nombre_completo", "correo", "documento", "tipo_usuario", "password_hash", "enabled", "campus_id", "zona_id", "tipo_guardia") VALUES ('999e7d3b-ac96-4763-b5ff-b7e36ea6f085', 4, 'Gabriela Torres Diaz', 'gabriela.torres99@unicampus.edu.pe', 'PA-64987', 'personal_admin', '$2a$12$U/acQhhoxBoROLzTCB0cnugTwEeIz.5vkUkMJTqaicJBrgoTN5K.a', TRUE, NULL, NULL, NULL);
INSERT INTO "usuarios" ("id", "rol_id", "nombre_completo", "correo", "documento", "tipo_usuario", "password_hash", "enabled", "campus_id", "zona_id", "tipo_guardia") VALUES ('369fd18d-0e4b-42cd-a48f-09f2a59d49c0', 4, 'Gabriela Alvarado Ramos', 'gabriela.alvarado45@unicampus.edu.pe', '202330926', 'alumno', '$2a$12$U/acQhhoxBoROLzTCB0cnugTwEeIz.5vkUkMJTqaicJBrgoTN5K.a', TRUE, NULL, NULL, NULL);
INSERT INTO "usuarios" ("id", "rol_id", "nombre_completo", "correo", "documento", "tipo_usuario", "password_hash", "enabled", "campus_id", "zona_id", "tipo_guardia") VALUES ('fd7a50f4-53f7-4f89-bf0a-4e6fcb185618', 4, 'Patricia Mendoza Quispe', 'patricia.mendoza45@unicampus.edu.pe', '202338221', 'alumno', '$2a$12$U/acQhhoxBoROLzTCB0cnugTwEeIz.5vkUkMJTqaicJBrgoTN5K.a', TRUE, NULL, NULL, NULL);
INSERT INTO "usuarios" ("id", "rol_id", "nombre_completo", "correo", "documento", "tipo_usuario", "password_hash", "enabled", "campus_id", "zona_id", "tipo_guardia") VALUES ('11b2e81b-27fb-469a-a37e-894a6594739d', 4, 'Fernando Quispe Rodriguez', 'fernando.quispe21@unicampus.edu.pe', 'PF-22676', 'docente', '$2a$12$U/acQhhoxBoROLzTCB0cnugTwEeIz.5vkUkMJTqaicJBrgoTN5K.a', TRUE, NULL, NULL, NULL);
INSERT INTO "usuarios" ("id", "rol_id", "nombre_completo", "correo", "documento", "tipo_usuario", "password_hash", "enabled", "campus_id", "zona_id", "tipo_guardia") VALUES ('77d51b91-e1c9-49cc-bf21-e67ebfc29326', 4, 'Camila Ruiz Quispe', 'camila.ruiz87@unicampus.edu.pe', 'PF-15695', 'docente', '$2a$12$U/acQhhoxBoROLzTCB0cnugTwEeIz.5vkUkMJTqaicJBrgoTN5K.a', TRUE, NULL, NULL, NULL);
INSERT INTO "usuarios" ("id", "rol_id", "nombre_completo", "correo", "documento", "tipo_usuario", "password_hash", "enabled", "campus_id", "zona_id", "tipo_guardia") VALUES ('d9651b5f-09e3-49e1-accf-4e161cd893ae', 4, 'Patricia Alvarado Castillo', 'patricia.alvarado25@unicampus.edu.pe', 'PF-20328', 'docente', '$2a$12$U/acQhhoxBoROLzTCB0cnugTwEeIz.5vkUkMJTqaicJBrgoTN5K.a', TRUE, NULL, NULL, NULL);
INSERT INTO "usuarios" ("id", "rol_id", "nombre_completo", "correo", "documento", "tipo_usuario", "password_hash", "enabled", "campus_id", "zona_id", "tipo_guardia") VALUES ('d75098cf-406f-42de-89bb-b6c1fc4871c1', 4, 'Daniela Chavez Ruiz', 'daniela.chavez90@unicampus.edu.pe', 'PA-57400', 'personal_admin', '$2a$12$U/acQhhoxBoROLzTCB0cnugTwEeIz.5vkUkMJTqaicJBrgoTN5K.a', TRUE, NULL, NULL, NULL);
INSERT INTO "usuarios" ("id", "rol_id", "nombre_completo", "correo", "documento", "tipo_usuario", "password_hash", "enabled", "campus_id", "zona_id", "tipo_guardia") VALUES ('6dd22cd6-6545-4f7e-8363-976cd73c390b', 4, 'Ricardo Flores Torres', 'ricardo.flores18@unicampus.edu.pe', '202396673', 'alumno', '$2a$12$U/acQhhoxBoROLzTCB0cnugTwEeIz.5vkUkMJTqaicJBrgoTN5K.a', TRUE, NULL, NULL, NULL);
INSERT INTO "usuarios" ("id", "rol_id", "nombre_completo", "correo", "documento", "tipo_usuario", "password_hash", "enabled", "campus_id", "zona_id", "tipo_guardia") VALUES ('40113be2-af37-4339-b465-9c5f73a619e8', 4, 'Gabriela Espinoza Chavez', 'gabriela.espinoza20@unicampus.edu.pe', '202323238', 'alumno', '$2a$12$U/acQhhoxBoROLzTCB0cnugTwEeIz.5vkUkMJTqaicJBrgoTN5K.a', TRUE, NULL, NULL, NULL);
INSERT INTO "usuarios" ("id", "rol_id", "nombre_completo", "correo", "documento", "tipo_usuario", "password_hash", "enabled", "campus_id", "zona_id", "tipo_guardia") VALUES ('afcbdf8b-952c-43d1-9eb5-20e832311ed7', 4, 'Jorge Chavez Alvarado', 'jorge.chavez91@unicampus.edu.pe', 'PF-31319', 'docente', '$2a$12$U/acQhhoxBoROLzTCB0cnugTwEeIz.5vkUkMJTqaicJBrgoTN5K.a', TRUE, NULL, NULL, NULL);
INSERT INTO "usuarios" ("id", "rol_id", "nombre_completo", "correo", "documento", "tipo_usuario", "password_hash", "enabled", "campus_id", "zona_id", "tipo_guardia") VALUES ('efadc208-eb2d-45b6-9203-207b2c70dc8c', 4, 'Camila Quispe Flores', 'camila.quispe95@unicampus.edu.pe', 'PF-99593', 'docente', '$2a$12$U/acQhhoxBoROLzTCB0cnugTwEeIz.5vkUkMJTqaicJBrgoTN5K.a', TRUE, NULL, NULL, NULL);

-- Seed vehicles
INSERT INTO "vehiculos" ("id", "usuario_id", "tipo", "placa", "marca_modelo", "color", "enabled") VALUES ('94e7fd40-ade0-40e0-8497-c922763e42ac', 'cbafcc7f-b3ea-4f8b-bb3b-8ae83bb62452', 'auto', 'ABC-123', 'Hyundai Elantra', 'Negro Perlado', TRUE);
INSERT INTO "vehiculos" ("id", "usuario_id", "tipo", "placa", "marca_modelo", "color", "enabled") VALUES ('fc685bb9-8d10-4c4e-b877-5b8c2d60ddbd', 'cbafcc7f-b3ea-4f8b-bb3b-8ae83bb62452', 'moto', '1234-5B', 'Honda CB190R', 'Rojo', TRUE);
INSERT INTO "vehiculos" ("id", "usuario_id", "tipo", "placa", "marca_modelo", "color", "enabled") VALUES ('da40af85-6e2f-4fb8-977a-e1b72e5967f1', '4204b1e6-670d-42d3-a09f-74f3d51368be', 'auto', 'XYZ-789', 'Toyota RAV4', 'Gris Plata', TRUE);
INSERT INTO "vehiculos" ("id", "usuario_id", "tipo", "placa", "marca_modelo", "color", "enabled") VALUES ('6259399d-857c-44c7-8ce1-e6e72a789dfe', 'adcec263-d2f7-4bcd-96cd-01f11d89ace1', 'auto', 'KIA-456', 'Kia Rio', 'Blanco', TRUE);
INSERT INTO "vehiculos" ("id", "usuario_id", "tipo", "placa", "marca_modelo", "color", "enabled") VALUES ('1184c441-ff81-4fbc-89cd-f6613b1100ab', '27777001-717e-43bf-be7f-94c49f5f1a93', 'auto', 'CKD-267', 'Chevrolet Sentra', 'Gris Plata', TRUE);
INSERT INTO "vehiculos" ("id", "usuario_id", "tipo", "placa", "marca_modelo", "color", "enabled") VALUES ('c23893a7-f4a9-4e05-8424-4c07fb559d4d', '309b04ed-b6fa-4df5-8ed7-c106c220fd16', 'moto', '4598-6A', 'Yamaha/Honda Pulsar 200NS', 'Amarillo', TRUE);
INSERT INTO "vehiculos" ("id", "usuario_id", "tipo", "placa", "marca_modelo", "color", "enabled") VALUES ('95ce259c-7671-4de7-90d8-cab60d3a7a9c', '3447b797-8efc-4746-9a6e-51d11cf4684e', 'auto', 'FBD-680', 'Suzuki Accent', 'Gris Oscuro', TRUE);
INSERT INTO "vehiculos" ("id", "usuario_id", "tipo", "placa", "marca_modelo", "color", "enabled") VALUES ('6e1c653c-45cd-49fc-9110-745c471c0f52', 'aeb6eb82-34dc-4f00-8a33-0c72dfe37403', 'auto', 'JCF-242', 'Nissan Sail', 'Azul Metálico', TRUE);
INSERT INTO "vehiculos" ("id", "usuario_id", "tipo", "placa", "marca_modelo", "color", "enabled") VALUES ('77cee95d-809d-4f80-9106-81326ba12d36', '999e7d3b-ac96-4763-b5ff-b7e36ea6f085', 'auto', 'HMH-470', 'Nissan Elantra', 'Azul Metálico', TRUE);
INSERT INTO "vehiculos" ("id", "usuario_id", "tipo", "placa", "marca_modelo", "color", "enabled") VALUES ('1a1a5af6-c809-4ad4-a893-df2619c99ad1', '369fd18d-0e4b-42cd-a48f-09f2a59d49c0', 'auto', 'BCC-911', 'Mazda Swift', 'Blanco', TRUE);
INSERT INTO "vehiculos" ("id", "usuario_id", "tipo", "placa", "marca_modelo", "color", "enabled") VALUES ('ffc800af-0b68-47f7-b74e-91b977effc09', 'fd7a50f4-53f7-4f89-bf0a-4e6fcb185618', 'auto', 'JKF-666', 'Toyota Mazda 3', 'Gris Oscuro', TRUE);
INSERT INTO "vehiculos" ("id", "usuario_id", "tipo", "placa", "marca_modelo", "color", "enabled") VALUES ('e678ad7c-9f4c-4cb9-bca9-e30f34b3fd4d', '11b2e81b-27fb-469a-a37e-894a6594739d', 'auto', 'FGB-400', 'Mazda Elantra', 'Rojo', TRUE);
INSERT INTO "vehiculos" ("id", "usuario_id", "tipo", "placa", "marca_modelo", "color", "enabled") VALUES ('c1557b6b-d0c8-4038-a33f-f41e25960d17', '77d51b91-e1c9-49cc-bf21-e67ebfc29326', 'auto', 'FKC-619', 'Hyundai Mazda 3', 'Gris Plata', TRUE);
INSERT INTO "vehiculos" ("id", "usuario_id", "tipo", "placa", "marca_modelo", "color", "enabled") VALUES ('07b38cab-e4ab-4515-b7d0-c4be6dffe90d', 'd9651b5f-09e3-49e1-accf-4e161cd893ae', 'moto', '9317-4B', 'Yamaha/Honda FZ25', 'Amarillo', TRUE);
INSERT INTO "vehiculos" ("id", "usuario_id", "tipo", "placa", "marca_modelo", "color", "enabled") VALUES ('2d0ae0ba-e679-4b2a-9ffd-f8139762c6a1', 'd75098cf-406f-42de-89bb-b6c1fc4871c1', 'auto', 'KAM-431', 'Chevrolet Corolla', 'Blanco', TRUE);
INSERT INTO "vehiculos" ("id", "usuario_id", "tipo", "placa", "marca_modelo", "color", "enabled") VALUES ('bd250b4d-5212-4135-b135-d30c4de919f8', '6dd22cd6-6545-4f7e-8363-976cd73c390b', 'moto', '6038-4A', 'Yamaha/Honda Pulsar 200NS', 'Azul Metálico', TRUE);
INSERT INTO "vehiculos" ("id", "usuario_id", "tipo", "placa", "marca_modelo", "color", "enabled") VALUES ('00c2abf4-4aa0-482d-8c94-9091dc5fdbe6', '40113be2-af37-4339-b465-9c5f73a619e8', 'moto', '2403-8A', 'Yamaha/Honda Gixxer 150', 'Azul Metálico', TRUE);
INSERT INTO "vehiculos" ("id", "usuario_id", "tipo", "placa", "marca_modelo", "color", "enabled") VALUES ('d3bfd0a5-a662-4b36-a224-2919939fdc6e', 'afcbdf8b-952c-43d1-9eb5-20e832311ed7', 'auto', 'JKC-371', 'Mazda Accent', 'Azul Metálico', TRUE);
INSERT INTO "vehiculos" ("id", "usuario_id", "tipo", "placa", "marca_modelo", "color", "enabled") VALUES ('857aa54d-8e3e-4970-bcfe-f2d3de73c4f6', 'afcbdf8b-952c-43d1-9eb5-20e832311ed7', 'moto', '4295-5D', 'Yamaha/Honda Duke 200', 'Gris Oscuro', TRUE);
INSERT INTO "vehiculos" ("id", "usuario_id", "tipo", "placa", "marca_modelo", "color", "enabled") VALUES ('9d3954c3-2fa9-4bff-898d-a1e01fe42018', 'efadc208-eb2d-45b6-9203-207b2c70dc8c', 'auto', 'JBD-330', 'Hyundai Cerato', 'Blanco', TRUE);

-- Seed access logs
INSERT INTO "accesos_vehiculares" ("id", "usuario_id", "vehiculo_id", "zona_id", "guardia_entrada_id", "guardia_salida_id", "hora_ingreso", "hora_salida", "estado", "enabled") VALUES ('598b7649-1fdf-42eb-8682-bdc8f8f9ab8d', 'afcbdf8b-952c-43d1-9eb5-20e832311ed7', '857aa54d-8e3e-4970-bcfe-f2d3de73c4f6', 4, '8cf75e12-dcbe-4753-9719-355e0b339e42', '69ff5acd-fcbe-4753-9719-355e0b339e49', '2026-07-11 00:14:42-05', '2026-07-11 02:47:11-05', 'completada', TRUE);
INSERT INTO "accesos_vehiculares" ("id", "usuario_id", "vehiculo_id", "zona_id", "guardia_entrada_id", "guardia_salida_id", "hora_ingreso", "hora_salida", "estado", "enabled") VALUES ('29aacb5a-2a69-45e3-b336-df1211536e12', 'cbafcc7f-b3ea-4f8b-bb3b-8ae83bb62452', 'fc685bb9-8d10-4c4e-b877-5b8c2d60ddbd', 4, '69ff5acd-fcbe-4753-9719-355e0b339e49', '69ff5acd-fcbe-4753-9719-355e0b339e49', '2026-07-06 03:15:08-05', '2026-07-06 10:16:11-05', 'completada', TRUE);
INSERT INTO "accesos_vehiculares" ("id", "usuario_id", "vehiculo_id", "zona_id", "guardia_entrada_id", "guardia_salida_id", "hora_ingreso", "hora_salida", "estado", "enabled") VALUES ('6eb157b3-ccde-46f9-a7f5-41ad07936287', '40113be2-af37-4339-b465-9c5f73a619e8', '00c2abf4-4aa0-482d-8c94-9091dc5fdbe6', 4, '8cf75e12-dcbe-4753-9719-355e0b339e42', '8cf75e12-dcbe-4753-9719-355e0b339e42', '2026-07-06 06:30:54-05', '2026-07-06 10:54:46-05', 'completada', TRUE);
INSERT INTO "accesos_vehiculares" ("id", "usuario_id", "vehiculo_id", "zona_id", "guardia_entrada_id", "guardia_salida_id", "hora_ingreso", "hora_salida", "estado", "enabled") VALUES ('37e7fd9c-31c8-490b-87fb-ea5c42f8c80c', '27777001-717e-43bf-be7f-94c49f5f1a93', '1184c441-ff81-4fbc-89cd-f6613b1100ab', 3, '8cf75e12-dcbe-4753-9719-355e0b339e42', '69ff5acd-fcbe-4753-9719-355e0b339e49', '2026-07-16 17:37:06-05', '2026-07-16 22:39:06-05', 'completada', TRUE);
INSERT INTO "accesos_vehiculares" ("id", "usuario_id", "vehiculo_id", "zona_id", "guardia_entrada_id", "guardia_salida_id", "hora_ingreso", "hora_salida", "estado", "enabled") VALUES ('49a3b15d-7c28-4d56-a76d-7d66459d926e', '6dd22cd6-6545-4f7e-8363-976cd73c390b', 'bd250b4d-5212-4135-b135-d30c4de919f8', 4, '69ff5acd-fcbe-4753-9719-355e0b339e49', '8cf75e12-dcbe-4753-9719-355e0b339e42', '2026-07-14 19:31:56-05', '2026-07-14 21:11:33-05', 'completada', TRUE);
INSERT INTO "accesos_vehiculares" ("id", "usuario_id", "vehiculo_id", "zona_id", "guardia_entrada_id", "guardia_salida_id", "hora_ingreso", "hora_salida", "estado", "enabled") VALUES ('f25dafdb-4858-4f9a-abe0-5769db60b730', 'd9651b5f-09e3-49e1-accf-4e161cd893ae', '07b38cab-e4ab-4515-b7d0-c4be6dffe90d', 4, '8cf75e11-dcbe-4753-9719-355e0b339e41', '8cf75e12-dcbe-4753-9719-355e0b339e42', '2026-07-08 00:22:49-05', '2026-07-08 04:38:58-05', 'completada', TRUE);
INSERT INTO "accesos_vehiculares" ("id", "usuario_id", "vehiculo_id", "zona_id", "guardia_entrada_id", "guardia_salida_id", "hora_ingreso", "hora_salida", "estado", "enabled") VALUES ('253ad5b4-e5ca-474a-9e29-d2fe8f5e7dd8', 'cbafcc7f-b3ea-4f8b-bb3b-8ae83bb62452', 'fc685bb9-8d10-4c4e-b877-5b8c2d60ddbd', 4, '8cf75e12-dcbe-4753-9719-355e0b339e42', '8cf75e11-dcbe-4753-9719-355e0b339e41', '2026-07-12 19:14:40-05', '2026-07-12 20:56:00-05', 'completada', TRUE);
INSERT INTO "accesos_vehiculares" ("id", "usuario_id", "vehiculo_id", "zona_id", "guardia_entrada_id", "guardia_salida_id", "hora_ingreso", "hora_salida", "estado", "enabled") VALUES ('30e5708d-7b70-4a21-bc95-fc2333c0a46f', 'fd7a50f4-53f7-4f89-bf0a-4e6fcb185618', 'ffc800af-0b68-47f7-b74e-91b977effc09', 1, '69ff5acd-fcbe-4753-9719-355e0b339e49', '69ff5acd-fcbe-4753-9719-355e0b339e49', '2026-07-06 10:20:58-05', '2026-07-06 15:06:13-05', 'completada', TRUE);
INSERT INTO "accesos_vehiculares" ("id", "usuario_id", "vehiculo_id", "zona_id", "guardia_entrada_id", "guardia_salida_id", "hora_ingreso", "hora_salida", "estado", "enabled") VALUES ('47ce3bab-5749-49f6-be22-5f7d642b44b8', 'd9651b5f-09e3-49e1-accf-4e161cd893ae', '07b38cab-e4ab-4515-b7d0-c4be6dffe90d', 4, '8cf75e11-dcbe-4753-9719-355e0b339e41', '69ff5acd-fcbe-4753-9719-355e0b339e49', '2026-07-05 10:53:20-05', '2026-07-05 13:38:15-05', 'completada', TRUE);
INSERT INTO "accesos_vehiculares" ("id", "usuario_id", "vehiculo_id", "zona_id", "guardia_entrada_id", "guardia_salida_id", "hora_ingreso", "hora_salida", "estado", "enabled") VALUES ('90436408-3c6e-4a50-9ed4-bd0f035a10c1', 'd75098cf-406f-42de-89bb-b6c1fc4871c1', '2d0ae0ba-e679-4b2a-9ffd-f8139762c6a1', 3, '8cf75e12-dcbe-4753-9719-355e0b339e42', '69ff5acd-fcbe-4753-9719-355e0b339e49', '2026-07-04 04:04:49-05', '2026-07-04 12:04:31-05', 'completada', TRUE);
INSERT INTO "accesos_vehiculares" ("id", "usuario_id", "vehiculo_id", "zona_id", "guardia_entrada_id", "guardia_salida_id", "hora_ingreso", "hora_salida", "estado", "enabled") VALUES ('f78689c6-5d3d-4d84-b360-ebf476d57245', '4204b1e6-670d-42d3-a09f-74f3d51368be', 'da40af85-6e2f-4fb8-977a-e1b72e5967f1', 1, '8cf75e11-dcbe-4753-9719-355e0b339e41', '8cf75e11-dcbe-4753-9719-355e0b339e41', '2026-07-05 04:42:19-05', '2026-07-05 09:04:29-05', 'completada', TRUE);
INSERT INTO "accesos_vehiculares" ("id", "usuario_id", "vehiculo_id", "zona_id", "guardia_entrada_id", "guardia_salida_id", "hora_ingreso", "hora_salida", "estado", "enabled") VALUES ('1f237e1c-e8e4-4fbd-a87c-bada09cf8356', 'cbafcc7f-b3ea-4f8b-bb3b-8ae83bb62452', 'fc685bb9-8d10-4c4e-b877-5b8c2d60ddbd', 4, '69ff5acd-fcbe-4753-9719-355e0b339e49', '8cf75e11-dcbe-4753-9719-355e0b339e41', '2026-07-05 04:06:09-05', '2026-07-05 11:59:59-05', 'completada', TRUE);
INSERT INTO "accesos_vehiculares" ("id", "usuario_id", "vehiculo_id", "zona_id", "guardia_entrada_id", "guardia_salida_id", "hora_ingreso", "hora_salida", "estado", "enabled") VALUES ('32349d03-dade-436d-8540-e2974f8d657b', 'd75098cf-406f-42de-89bb-b6c1fc4871c1', '2d0ae0ba-e679-4b2a-9ffd-f8139762c6a1', 2, '8cf75e12-dcbe-4753-9719-355e0b339e42', '8cf75e12-dcbe-4753-9719-355e0b339e42', '2026-07-09 01:06:57-05', '2026-07-09 09:05:02-05', 'completada', TRUE);
INSERT INTO "accesos_vehiculares" ("id", "usuario_id", "vehiculo_id", "zona_id", "guardia_entrada_id", "guardia_salida_id", "hora_ingreso", "hora_salida", "estado", "enabled") VALUES ('a9f3ff75-022e-4b10-a38b-f1fc13e54dfd', '6dd22cd6-6545-4f7e-8363-976cd73c390b', 'bd250b4d-5212-4135-b135-d30c4de919f8', 4, '8cf75e11-dcbe-4753-9719-355e0b339e41', '69ff5acd-fcbe-4753-9719-355e0b339e49', '2026-07-05 00:33:36-05', '2026-07-05 03:05:02-05', 'completada', TRUE);
INSERT INTO "accesos_vehiculares" ("id", "usuario_id", "vehiculo_id", "zona_id", "guardia_entrada_id", "guardia_salida_id", "hora_ingreso", "hora_salida", "estado", "enabled") VALUES ('55cb7d46-35e8-4491-90c9-6b8e9733fa9d', 'afcbdf8b-952c-43d1-9eb5-20e832311ed7', '857aa54d-8e3e-4970-bcfe-f2d3de73c4f6', 4, '69ff5acd-fcbe-4753-9719-355e0b339e49', '69ff5acd-fcbe-4753-9719-355e0b339e49', '2026-07-13 17:41:55-05', '2026-07-13 23:56:04-05', 'completada', TRUE);
INSERT INTO "accesos_vehiculares" ("id", "usuario_id", "vehiculo_id", "zona_id", "guardia_entrada_id", "guardia_salida_id", "hora_ingreso", "hora_salida", "estado", "enabled") VALUES ('fcb39141-7423-4454-b688-d6d0a669a49b', 'cbafcc7f-b3ea-4f8b-bb3b-8ae83bb62452', 'fc685bb9-8d10-4c4e-b877-5b8c2d60ddbd', 4, '8cf75e12-dcbe-4753-9719-355e0b339e42', '8cf75e12-dcbe-4753-9719-355e0b339e42', '2026-07-11 11:08:14-05', '2026-07-11 18:34:22-05', 'completada', TRUE);
INSERT INTO "accesos_vehiculares" ("id", "usuario_id", "vehiculo_id", "zona_id", "guardia_entrada_id", "guardia_salida_id", "hora_ingreso", "hora_salida", "estado", "enabled") VALUES ('8f607d0d-3cdc-41fa-b608-75bbc1211bd4', '309b04ed-b6fa-4df5-8ed7-c106c220fd16', 'c23893a7-f4a9-4e05-8424-4c07fb559d4d', 4, '8cf75e12-dcbe-4753-9719-355e0b339e42', '69ff5acd-fcbe-4753-9719-355e0b339e49', '2026-07-03 13:18:35-05', '2026-07-03 14:52:14-05', 'completada', TRUE);
INSERT INTO "accesos_vehiculares" ("id", "usuario_id", "vehiculo_id", "zona_id", "guardia_entrada_id", "guardia_salida_id", "hora_ingreso", "hora_salida", "estado", "enabled") VALUES ('9717c62b-a162-4e47-a79e-5cfe3efba807', '4204b1e6-670d-42d3-a09f-74f3d51368be', 'da40af85-6e2f-4fb8-977a-e1b72e5967f1', 3, '69ff5acd-fcbe-4753-9719-355e0b339e49', '8cf75e12-dcbe-4753-9719-355e0b339e42', '2026-07-03 17:17:57-05', '2026-07-03 21:07:32-05', 'completada', TRUE);
INSERT INTO "accesos_vehiculares" ("id", "usuario_id", "vehiculo_id", "zona_id", "guardia_entrada_id", "guardia_salida_id", "hora_ingreso", "hora_salida", "estado", "enabled") VALUES ('465c01ca-e584-4082-aa8a-8898db85b79e', 'aeb6eb82-34dc-4f00-8a33-0c72dfe37403', '6e1c653c-45cd-49fc-9110-745c471c0f52', 3, '8cf75e12-dcbe-4753-9719-355e0b339e42', '8cf75e12-dcbe-4753-9719-355e0b339e42', '2026-07-11 14:51:36-05', '2026-07-11 16:26:02-05', 'completada', TRUE);
INSERT INTO "accesos_vehiculares" ("id", "usuario_id", "vehiculo_id", "zona_id", "guardia_entrada_id", "guardia_salida_id", "hora_ingreso", "hora_salida", "estado", "enabled") VALUES ('f8dce1d3-4eb9-4a2b-b7e0-fba069e6be7e', 'afcbdf8b-952c-43d1-9eb5-20e832311ed7', '857aa54d-8e3e-4970-bcfe-f2d3de73c4f6', 4, '8cf75e11-dcbe-4753-9719-355e0b339e41', '69ff5acd-fcbe-4753-9719-355e0b339e49', '2026-07-11 04:18:54-05', '2026-07-11 11:51:28-05', 'completada', TRUE);
INSERT INTO "accesos_vehiculares" ("id", "usuario_id", "vehiculo_id", "zona_id", "guardia_entrada_id", "guardia_salida_id", "hora_ingreso", "hora_salida", "estado", "enabled") VALUES ('e84beaab-0b35-495a-a68d-0be18e6d91ff', 'fd7a50f4-53f7-4f89-bf0a-4e6fcb185618', 'ffc800af-0b68-47f7-b74e-91b977effc09', 1, '69ff5acd-fcbe-4753-9719-355e0b339e49', '8cf75e11-dcbe-4753-9719-355e0b339e41', '2026-07-06 16:27:16-05', '2026-07-06 22:09:23-05', 'completada', TRUE);
INSERT INTO "accesos_vehiculares" ("id", "usuario_id", "vehiculo_id", "zona_id", "guardia_entrada_id", "guardia_salida_id", "hora_ingreso", "hora_salida", "estado", "enabled") VALUES ('56a14a9d-2bfe-4c4a-8bb3-8f833de62371', 'd75098cf-406f-42de-89bb-b6c1fc4871c1', '2d0ae0ba-e679-4b2a-9ffd-f8139762c6a1', 2, '69ff5acd-fcbe-4753-9719-355e0b339e49', '8cf75e12-dcbe-4753-9719-355e0b339e42', '2026-07-16 15:16:47-05', '2026-07-16 16:20:42-05', 'completada', TRUE);
INSERT INTO "accesos_vehiculares" ("id", "usuario_id", "vehiculo_id", "zona_id", "guardia_entrada_id", "guardia_salida_id", "hora_ingreso", "hora_salida", "estado", "enabled") VALUES ('8215a123-09da-494b-a2dd-64b15cde37e5', 'afcbdf8b-952c-43d1-9eb5-20e832311ed7', '857aa54d-8e3e-4970-bcfe-f2d3de73c4f6', 4, '69ff5acd-fcbe-4753-9719-355e0b339e49', NULL, '2026-07-17 15:25:40-05', NULL, 'en_curso', TRUE);
INSERT INTO "accesos_vehiculares" ("id", "usuario_id", "vehiculo_id", "zona_id", "guardia_entrada_id", "guardia_salida_id", "hora_ingreso", "hora_salida", "estado", "enabled") VALUES ('08a6b572-5c53-40da-ba8e-a9b5eac0c7e6', '40113be2-af37-4339-b465-9c5f73a619e8', '00c2abf4-4aa0-482d-8c94-9091dc5fdbe6', 4, '8cf75e11-dcbe-4753-9719-355e0b339e41', '69ff5acd-fcbe-4753-9719-355e0b339e49', '2026-07-06 16:18:19-05', '2026-07-06 23:28:17-05', 'completada', TRUE);
INSERT INTO "accesos_vehiculares" ("id", "usuario_id", "vehiculo_id", "zona_id", "guardia_entrada_id", "guardia_salida_id", "hora_ingreso", "hora_salida", "estado", "enabled") VALUES ('2c68cb09-46ae-44c5-81ad-d3593e91db95', '11b2e81b-27fb-469a-a37e-894a6594739d', 'e678ad7c-9f4c-4cb9-bca9-e30f34b3fd4d', 2, '8cf75e12-dcbe-4753-9719-355e0b339e42', '8cf75e12-dcbe-4753-9719-355e0b339e42', '2026-07-05 01:37:19-05', '2026-07-05 07:32:49-05', 'completada', TRUE);
INSERT INTO "accesos_vehiculares" ("id", "usuario_id", "vehiculo_id", "zona_id", "guardia_entrada_id", "guardia_salida_id", "hora_ingreso", "hora_salida", "estado", "enabled") VALUES ('8d962f5e-4092-45fa-b643-855cbd29fc76', '40113be2-af37-4339-b465-9c5f73a619e8', '00c2abf4-4aa0-482d-8c94-9091dc5fdbe6', 4, '8cf75e12-dcbe-4753-9719-355e0b339e42', '8cf75e12-dcbe-4753-9719-355e0b339e42', '2026-07-02 19:38:58-05', '2026-07-02 22:44:43-05', 'completada', TRUE);
INSERT INTO "accesos_vehiculares" ("id", "usuario_id", "vehiculo_id", "zona_id", "guardia_entrada_id", "guardia_salida_id", "hora_ingreso", "hora_salida", "estado", "enabled") VALUES ('9bb8cdb1-5017-4c57-a53d-64359892a16c', 'adcec263-d2f7-4bcd-96cd-01f11d89ace1', '6259399d-857c-44c7-8ce1-e6e72a789dfe', 1, '69ff5acd-fcbe-4753-9719-355e0b339e49', '69ff5acd-fcbe-4753-9719-355e0b339e49', '2026-07-06 16:02:27-05', '2026-07-06 22:14:16-05', 'completada', TRUE);
INSERT INTO "accesos_vehiculares" ("id", "usuario_id", "vehiculo_id", "zona_id", "guardia_entrada_id", "guardia_salida_id", "hora_ingreso", "hora_salida", "estado", "enabled") VALUES ('d1e7f5be-c828-4cb4-9d0f-9a9f2bdda3d8', '999e7d3b-ac96-4763-b5ff-b7e36ea6f085', '77cee95d-809d-4f80-9106-81326ba12d36', 2, '8cf75e12-dcbe-4753-9719-355e0b339e42', '8cf75e12-dcbe-4753-9719-355e0b339e42', '2026-07-11 18:34:19-05', '2026-07-11 21:58:20-05', 'completada', TRUE);
INSERT INTO "accesos_vehiculares" ("id", "usuario_id", "vehiculo_id", "zona_id", "guardia_entrada_id", "guardia_salida_id", "hora_ingreso", "hora_salida", "estado", "enabled") VALUES ('eb69112d-4a7e-4839-9f04-30949623c1f3', '999e7d3b-ac96-4763-b5ff-b7e36ea6f085', '77cee95d-809d-4f80-9106-81326ba12d36', 3, '69ff5acd-fcbe-4753-9719-355e0b339e49', '8cf75e11-dcbe-4753-9719-355e0b339e41', '2026-07-10 00:42:17-05', '2026-07-10 02:21:03-05', 'completada', TRUE);
INSERT INTO "accesos_vehiculares" ("id", "usuario_id", "vehiculo_id", "zona_id", "guardia_entrada_id", "guardia_salida_id", "hora_ingreso", "hora_salida", "estado", "enabled") VALUES ('cf332076-5c8a-4fe9-b5bd-dc6167200576', '999e7d3b-ac96-4763-b5ff-b7e36ea6f085', '77cee95d-809d-4f80-9106-81326ba12d36', 1, '69ff5acd-fcbe-4753-9719-355e0b339e49', '8cf75e11-dcbe-4753-9719-355e0b339e41', '2026-07-02 18:06:35-05', '2026-07-02 23:34:10-05', 'completada', TRUE);
INSERT INTO "accesos_vehiculares" ("id", "usuario_id", "vehiculo_id", "zona_id", "guardia_entrada_id", "guardia_salida_id", "hora_ingreso", "hora_salida", "estado", "enabled") VALUES ('5cf6de8d-fba8-47de-9fc5-cd0fe17e616c', '309b04ed-b6fa-4df5-8ed7-c106c220fd16', 'c23893a7-f4a9-4e05-8424-4c07fb559d4d', 4, '8cf75e12-dcbe-4753-9719-355e0b339e42', '8cf75e12-dcbe-4753-9719-355e0b339e42', '2026-07-13 19:40:35-05', '2026-07-14 01:36:58-05', 'completada', TRUE);
INSERT INTO "accesos_vehiculares" ("id", "usuario_id", "vehiculo_id", "zona_id", "guardia_entrada_id", "guardia_salida_id", "hora_ingreso", "hora_salida", "estado", "enabled") VALUES ('1c77a53d-d492-4c64-8fcb-b2b584945a88', 'cbafcc7f-b3ea-4f8b-bb3b-8ae83bb62452', '94e7fd40-ade0-40e0-8497-c922763e42ac', 1, '8cf75e12-dcbe-4753-9719-355e0b339e42', '8cf75e12-dcbe-4753-9719-355e0b339e42', '2026-07-03 19:55:16-05', '2026-07-04 03:14:55-05', 'completada', TRUE);
INSERT INTO "accesos_vehiculares" ("id", "usuario_id", "vehiculo_id", "zona_id", "guardia_entrada_id", "guardia_salida_id", "hora_ingreso", "hora_salida", "estado", "enabled") VALUES ('bf4fb262-2570-4918-9035-e03154278dc2', 'cbafcc7f-b3ea-4f8b-bb3b-8ae83bb62452', 'fc685bb9-8d10-4c4e-b877-5b8c2d60ddbd', 4, '8cf75e12-dcbe-4753-9719-355e0b339e42', '8cf75e11-dcbe-4753-9719-355e0b339e41', '2026-07-15 05:17:15-05', '2026-07-15 10:09:18-05', 'completada', TRUE);
INSERT INTO "accesos_vehiculares" ("id", "usuario_id", "vehiculo_id", "zona_id", "guardia_entrada_id", "guardia_salida_id", "hora_ingreso", "hora_salida", "estado", "enabled") VALUES ('d86a237e-060d-4f7f-a8da-4b41f72cd65d', '27777001-717e-43bf-be7f-94c49f5f1a93', '1184c441-ff81-4fbc-89cd-f6613b1100ab', 1, '69ff5acd-fcbe-4753-9719-355e0b339e49', '69ff5acd-fcbe-4753-9719-355e0b339e49', '2026-07-07 07:48:22-05', '2026-07-07 15:05:55-05', 'completada', TRUE);
INSERT INTO "accesos_vehiculares" ("id", "usuario_id", "vehiculo_id", "zona_id", "guardia_entrada_id", "guardia_salida_id", "hora_ingreso", "hora_salida", "estado", "enabled") VALUES ('57d0589a-66f6-4ca8-8cb4-ead145582802', 'aeb6eb82-34dc-4f00-8a33-0c72dfe37403', '6e1c653c-45cd-49fc-9110-745c471c0f52', 3, '8cf75e12-dcbe-4753-9719-355e0b339e42', '8cf75e11-dcbe-4753-9719-355e0b339e41', '2026-07-04 05:50:20-05', '2026-07-04 13:01:40-05', 'completada', TRUE);
INSERT INTO "accesos_vehiculares" ("id", "usuario_id", "vehiculo_id", "zona_id", "guardia_entrada_id", "guardia_salida_id", "hora_ingreso", "hora_salida", "estado", "enabled") VALUES ('85c44d53-0e05-4e05-aa21-2d34c6505213', 'efadc208-eb2d-45b6-9203-207b2c70dc8c', '9d3954c3-2fa9-4bff-898d-a1e01fe42018', 3, '69ff5acd-fcbe-4753-9719-355e0b339e49', '69ff5acd-fcbe-4753-9719-355e0b339e49', '2026-07-05 00:28:21-05', '2026-07-05 07:31:29-05', 'completada', TRUE);
INSERT INTO "accesos_vehiculares" ("id", "usuario_id", "vehiculo_id", "zona_id", "guardia_entrada_id", "guardia_salida_id", "hora_ingreso", "hora_salida", "estado", "enabled") VALUES ('fca8a574-8ee1-4d88-a0bc-a666570209b3', 'd9651b5f-09e3-49e1-accf-4e161cd893ae', '07b38cab-e4ab-4515-b7d0-c4be6dffe90d', 4, '8cf75e12-dcbe-4753-9719-355e0b339e42', '8cf75e11-dcbe-4753-9719-355e0b339e41', '2026-07-03 01:45:23-05', '2026-07-03 09:13:40-05', 'completada', TRUE);
INSERT INTO "accesos_vehiculares" ("id", "usuario_id", "vehiculo_id", "zona_id", "guardia_entrada_id", "guardia_salida_id", "hora_ingreso", "hora_salida", "estado", "enabled") VALUES ('09c3bbff-19de-42b6-b7ff-94c96b822615', 'aeb6eb82-34dc-4f00-8a33-0c72dfe37403', '6e1c653c-45cd-49fc-9110-745c471c0f52', 2, '8cf75e12-dcbe-4753-9719-355e0b339e42', '69ff5acd-fcbe-4753-9719-355e0b339e49', '2026-07-05 02:08:40-05', '2026-07-05 03:54:04-05', 'completada', TRUE);
INSERT INTO "accesos_vehiculares" ("id", "usuario_id", "vehiculo_id", "zona_id", "guardia_entrada_id", "guardia_salida_id", "hora_ingreso", "hora_salida", "estado", "enabled") VALUES ('1af1f7c7-6c1a-481b-a4f6-c8b21ad177e9', '6dd22cd6-6545-4f7e-8363-976cd73c390b', 'bd250b4d-5212-4135-b135-d30c4de919f8', 4, '8cf75e11-dcbe-4753-9719-355e0b339e41', '69ff5acd-fcbe-4753-9719-355e0b339e49', '2026-07-06 00:54:34-05', '2026-07-06 04:21:25-05', 'completada', TRUE);
INSERT INTO "accesos_vehiculares" ("id", "usuario_id", "vehiculo_id", "zona_id", "guardia_entrada_id", "guardia_salida_id", "hora_ingreso", "hora_salida", "estado", "enabled") VALUES ('38d6e9cb-8f1e-4a9e-a3de-7f609fc7e81f', 'aeb6eb82-34dc-4f00-8a33-0c72dfe37403', '6e1c653c-45cd-49fc-9110-745c471c0f52', 1, '8cf75e11-dcbe-4753-9719-355e0b339e41', '69ff5acd-fcbe-4753-9719-355e0b339e49', '2026-07-12 14:26:43-05', '2026-07-12 17:44:35-05', 'completada', TRUE);
INSERT INTO "accesos_vehiculares" ("id", "usuario_id", "vehiculo_id", "zona_id", "guardia_entrada_id", "guardia_salida_id", "hora_ingreso", "hora_salida", "estado", "enabled") VALUES ('7db57059-ec7b-44f6-bdc7-d42bfbee0fc8', '999e7d3b-ac96-4763-b5ff-b7e36ea6f085', '77cee95d-809d-4f80-9106-81326ba12d36', 2, '8cf75e11-dcbe-4753-9719-355e0b339e41', '8cf75e12-dcbe-4753-9719-355e0b339e42', '2026-07-12 07:46:00-05', '2026-07-12 13:31:24-05', 'completada', TRUE);
INSERT INTO "accesos_vehiculares" ("id", "usuario_id", "vehiculo_id", "zona_id", "guardia_entrada_id", "guardia_salida_id", "hora_ingreso", "hora_salida", "estado", "enabled") VALUES ('c481c53a-12ae-4635-85d4-a398a216eaa5', 'fd7a50f4-53f7-4f89-bf0a-4e6fcb185618', 'ffc800af-0b68-47f7-b74e-91b977effc09', 1, '8cf75e11-dcbe-4753-9719-355e0b339e41', '8cf75e11-dcbe-4753-9719-355e0b339e41', '2026-07-04 10:21:22-05', '2026-07-04 12:36:22-05', 'completada', TRUE);
INSERT INTO "accesos_vehiculares" ("id", "usuario_id", "vehiculo_id", "zona_id", "guardia_entrada_id", "guardia_salida_id", "hora_ingreso", "hora_salida", "estado", "enabled") VALUES ('19e85ab7-6f11-46a2-bc8c-cff2c37b4a81', 'cbafcc7f-b3ea-4f8b-bb3b-8ae83bb62452', 'fc685bb9-8d10-4c4e-b877-5b8c2d60ddbd', 4, '8cf75e11-dcbe-4753-9719-355e0b339e41', '8cf75e11-dcbe-4753-9719-355e0b339e41', '2026-07-04 07:51:29-05', '2026-07-04 11:16:41-05', 'completada', TRUE);
INSERT INTO "accesos_vehiculares" ("id", "usuario_id", "vehiculo_id", "zona_id", "guardia_entrada_id", "guardia_salida_id", "hora_ingreso", "hora_salida", "estado", "enabled") VALUES ('0e093d08-2d2b-4405-b1b4-180ab0e214b3', 'd9651b5f-09e3-49e1-accf-4e161cd893ae', '07b38cab-e4ab-4515-b7d0-c4be6dffe90d', 4, '8cf75e12-dcbe-4753-9719-355e0b339e42', '8cf75e12-dcbe-4753-9719-355e0b339e42', '2026-07-11 19:04:06-05', '2026-07-11 20:52:40-05', 'completada', TRUE);
INSERT INTO "accesos_vehiculares" ("id", "usuario_id", "vehiculo_id", "zona_id", "guardia_entrada_id", "guardia_salida_id", "hora_ingreso", "hora_salida", "estado", "enabled") VALUES ('bff880ce-2295-4b4b-b760-046e99830603', '3447b797-8efc-4746-9a6e-51d11cf4684e', '95ce259c-7671-4de7-90d8-cab60d3a7a9c', 2, '8cf75e11-dcbe-4753-9719-355e0b339e41', '8cf75e12-dcbe-4753-9719-355e0b339e42', '2026-07-03 08:48:44-05', '2026-07-03 09:49:27-05', 'completada', TRUE);
INSERT INTO "accesos_vehiculares" ("id", "usuario_id", "vehiculo_id", "zona_id", "guardia_entrada_id", "guardia_salida_id", "hora_ingreso", "hora_salida", "estado", "enabled") VALUES ('4a33444d-024b-4c00-85c8-ec557e4d6f6b', '3447b797-8efc-4746-9a6e-51d11cf4684e', '95ce259c-7671-4de7-90d8-cab60d3a7a9c', 2, '8cf75e12-dcbe-4753-9719-355e0b339e42', '8cf75e12-dcbe-4753-9719-355e0b339e42', '2026-07-09 04:06:01-05', '2026-07-09 11:32:44-05', 'completada', TRUE);
INSERT INTO "accesos_vehiculares" ("id", "usuario_id", "vehiculo_id", "zona_id", "guardia_entrada_id", "guardia_salida_id", "hora_ingreso", "hora_salida", "estado", "enabled") VALUES ('d4f151ff-4bbb-4602-8cde-09afa6ff758f', 'fd7a50f4-53f7-4f89-bf0a-4e6fcb185618', 'ffc800af-0b68-47f7-b74e-91b977effc09', 3, '8cf75e12-dcbe-4753-9719-355e0b339e42', '8cf75e12-dcbe-4753-9719-355e0b339e42', '2026-07-15 10:07:07-05', '2026-07-15 17:25:08-05', 'completada', TRUE);
INSERT INTO "accesos_vehiculares" ("id", "usuario_id", "vehiculo_id", "zona_id", "guardia_entrada_id", "guardia_salida_id", "hora_ingreso", "hora_salida", "estado", "enabled") VALUES ('037cae22-581d-4606-920f-fa5481655b88', '369fd18d-0e4b-42cd-a48f-09f2a59d49c0', '1a1a5af6-c809-4ad4-a893-df2619c99ad1', 3, '8cf75e11-dcbe-4753-9719-355e0b339e41', '8cf75e12-dcbe-4753-9719-355e0b339e42', '2026-07-08 19:51:17-05', '2026-07-09 01:44:06-05', 'completada', TRUE);
INSERT INTO "accesos_vehiculares" ("id", "usuario_id", "vehiculo_id", "zona_id", "guardia_entrada_id", "guardia_salida_id", "hora_ingreso", "hora_salida", "estado", "enabled") VALUES ('63533d6e-f5f1-4dd0-99b6-13ac351116fc', '27777001-717e-43bf-be7f-94c49f5f1a93', '1184c441-ff81-4fbc-89cd-f6613b1100ab', 1, '8cf75e11-dcbe-4753-9719-355e0b339e41', '69ff5acd-fcbe-4753-9719-355e0b339e49', '2026-07-09 00:11:38-05', '2026-07-09 05:56:06-05', 'completada', TRUE);
INSERT INTO "accesos_vehiculares" ("id", "usuario_id", "vehiculo_id", "zona_id", "guardia_entrada_id", "guardia_salida_id", "hora_ingreso", "hora_salida", "estado", "enabled") VALUES ('56eb653f-fad9-48f8-a583-f839215c14a3', 'efadc208-eb2d-45b6-9203-207b2c70dc8c', '9d3954c3-2fa9-4bff-898d-a1e01fe42018', 3, '8cf75e12-dcbe-4753-9719-355e0b339e42', '8cf75e11-dcbe-4753-9719-355e0b339e41', '2026-07-07 05:10:31-05', '2026-07-07 12:00:40-05', 'completada', TRUE);
INSERT INTO "accesos_vehiculares" ("id", "usuario_id", "vehiculo_id", "zona_id", "guardia_entrada_id", "guardia_salida_id", "hora_ingreso", "hora_salida", "estado", "enabled") VALUES ('bd1121e1-7c68-478a-9654-46a304f509ea', '369fd18d-0e4b-42cd-a48f-09f2a59d49c0', '1a1a5af6-c809-4ad4-a893-df2619c99ad1', 1, '8cf75e12-dcbe-4753-9719-355e0b339e42', '8cf75e11-dcbe-4753-9719-355e0b339e41', '2026-07-09 03:35:35-05', '2026-07-09 08:50:22-05', 'completada', TRUE);
INSERT INTO "accesos_vehiculares" ("id", "usuario_id", "vehiculo_id", "zona_id", "guardia_entrada_id", "guardia_salida_id", "hora_ingreso", "hora_salida", "estado", "enabled") VALUES ('91b6e9f3-1a0b-4780-bb8a-c2a7550ecb50', 'd75098cf-406f-42de-89bb-b6c1fc4871c1', '2d0ae0ba-e679-4b2a-9ffd-f8139762c6a1', 2, '69ff5acd-fcbe-4753-9719-355e0b339e49', '8cf75e12-dcbe-4753-9719-355e0b339e42', '2026-07-09 08:00:39-05', '2026-07-09 12:35:20-05', 'completada', TRUE);
INSERT INTO "accesos_vehiculares" ("id", "usuario_id", "vehiculo_id", "zona_id", "guardia_entrada_id", "guardia_salida_id", "hora_ingreso", "hora_salida", "estado", "enabled") VALUES ('4ffd46b9-7cb9-4b94-a432-f29dd1715aa0', '309b04ed-b6fa-4df5-8ed7-c106c220fd16', 'c23893a7-f4a9-4e05-8424-4c07fb559d4d', 4, '8cf75e11-dcbe-4753-9719-355e0b339e41', '8cf75e12-dcbe-4753-9719-355e0b339e42', '2026-07-12 14:01:10-05', '2026-07-12 18:37:39-05', 'completada', TRUE);
INSERT INTO "accesos_vehiculares" ("id", "usuario_id", "vehiculo_id", "zona_id", "guardia_entrada_id", "guardia_salida_id", "hora_ingreso", "hora_salida", "estado", "enabled") VALUES ('351e9b01-1410-42d7-ae16-c695cd937f53', 'efadc208-eb2d-45b6-9203-207b2c70dc8c', '9d3954c3-2fa9-4bff-898d-a1e01fe42018', 2, '69ff5acd-fcbe-4753-9719-355e0b339e49', '69ff5acd-fcbe-4753-9719-355e0b339e49', '2026-07-04 02:27:09-05', '2026-07-04 08:09:44-05', 'completada', TRUE);
INSERT INTO "accesos_vehiculares" ("id", "usuario_id", "vehiculo_id", "zona_id", "guardia_entrada_id", "guardia_salida_id", "hora_ingreso", "hora_salida", "estado", "enabled") VALUES ('d06c3cf6-3882-4d02-be59-f8525bceef0a', '3447b797-8efc-4746-9a6e-51d11cf4684e', '95ce259c-7671-4de7-90d8-cab60d3a7a9c', 1, '69ff5acd-fcbe-4753-9719-355e0b339e49', '8cf75e12-dcbe-4753-9719-355e0b339e42', '2026-07-03 01:37:35-05', '2026-07-03 09:30:50-05', 'completada', TRUE);
INSERT INTO "accesos_vehiculares" ("id", "usuario_id", "vehiculo_id", "zona_id", "guardia_entrada_id", "guardia_salida_id", "hora_ingreso", "hora_salida", "estado", "enabled") VALUES ('f283269b-a3df-4ada-b189-d31c124b022b', '4204b1e6-670d-42d3-a09f-74f3d51368be', 'da40af85-6e2f-4fb8-977a-e1b72e5967f1', 2, '8cf75e12-dcbe-4753-9719-355e0b339e42', '8cf75e12-dcbe-4753-9719-355e0b339e42', '2026-07-08 22:01:55-05', '2026-07-09 03:03:42-05', 'completada', TRUE);
INSERT INTO "accesos_vehiculares" ("id", "usuario_id", "vehiculo_id", "zona_id", "guardia_entrada_id", "guardia_salida_id", "hora_ingreso", "hora_salida", "estado", "enabled") VALUES ('e7a287a2-f959-4e49-b263-2f4c03a04e8b', '77d51b91-e1c9-49cc-bf21-e67ebfc29326', 'c1557b6b-d0c8-4038-a33f-f41e25960d17', 2, '69ff5acd-fcbe-4753-9719-355e0b339e49', '69ff5acd-fcbe-4753-9719-355e0b339e49', '2026-07-08 16:42:30-05', '2026-07-08 22:18:02-05', 'completada', TRUE);
INSERT INTO "accesos_vehiculares" ("id", "usuario_id", "vehiculo_id", "zona_id", "guardia_entrada_id", "guardia_salida_id", "hora_ingreso", "hora_salida", "estado", "enabled") VALUES ('5cf1e3f4-10a7-43bb-9a9a-6ffdb5ec8b5c', 'adcec263-d2f7-4bcd-96cd-01f11d89ace1', '6259399d-857c-44c7-8ce1-e6e72a789dfe', 2, '8cf75e12-dcbe-4753-9719-355e0b339e42', '69ff5acd-fcbe-4753-9719-355e0b339e49', '2026-07-05 23:36:58-05', '2026-07-06 04:14:30-05', 'completada', TRUE);
INSERT INTO "accesos_vehiculares" ("id", "usuario_id", "vehiculo_id", "zona_id", "guardia_entrada_id", "guardia_salida_id", "hora_ingreso", "hora_salida", "estado", "enabled") VALUES ('6cceba48-f537-418c-99e7-3d7b05cdcddf', 'afcbdf8b-952c-43d1-9eb5-20e832311ed7', 'd3bfd0a5-a662-4b36-a224-2919939fdc6e', 1, '69ff5acd-fcbe-4753-9719-355e0b339e49', '8cf75e11-dcbe-4753-9719-355e0b339e41', '2026-07-16 11:07:21-05', '2026-07-16 15:19:03-05', 'completada', TRUE);
INSERT INTO "accesos_vehiculares" ("id", "usuario_id", "vehiculo_id", "zona_id", "guardia_entrada_id", "guardia_salida_id", "hora_ingreso", "hora_salida", "estado", "enabled") VALUES ('2fb05cd2-f193-4c2c-a0bc-f32854e762a3', '40113be2-af37-4339-b465-9c5f73a619e8', '00c2abf4-4aa0-482d-8c94-9091dc5fdbe6', 4, '8cf75e12-dcbe-4753-9719-355e0b339e42', '8cf75e11-dcbe-4753-9719-355e0b339e41', '2026-07-17 12:28:28-05', '2026-07-17 15:41:44-05', 'completada', TRUE);
INSERT INTO "accesos_vehiculares" ("id", "usuario_id", "vehiculo_id", "zona_id", "guardia_entrada_id", "guardia_salida_id", "hora_ingreso", "hora_salida", "estado", "enabled") VALUES ('7aeafb1c-02bc-4fe1-a18a-5ae488a35afb', 'efadc208-eb2d-45b6-9203-207b2c70dc8c', '9d3954c3-2fa9-4bff-898d-a1e01fe42018', 3, '8cf75e11-dcbe-4753-9719-355e0b339e41', '8cf75e12-dcbe-4753-9719-355e0b339e42', '2026-07-16 01:57:38-05', '2026-07-16 08:46:28-05', 'completada', TRUE);
INSERT INTO "accesos_vehiculares" ("id", "usuario_id", "vehiculo_id", "zona_id", "guardia_entrada_id", "guardia_salida_id", "hora_ingreso", "hora_salida", "estado", "enabled") VALUES ('dbd25680-79ed-446c-afab-dbd6a1fb24e8', 'd75098cf-406f-42de-89bb-b6c1fc4871c1', '2d0ae0ba-e679-4b2a-9ffd-f8139762c6a1', 1, '8cf75e11-dcbe-4753-9719-355e0b339e41', '69ff5acd-fcbe-4753-9719-355e0b339e49', '2026-07-13 20:32:57-05', '2026-07-14 00:41:59-05', 'completada', TRUE);
INSERT INTO "accesos_vehiculares" ("id", "usuario_id", "vehiculo_id", "zona_id", "guardia_entrada_id", "guardia_salida_id", "hora_ingreso", "hora_salida", "estado", "enabled") VALUES ('273c184c-112c-4c13-8ea5-428efa1123f7', '999e7d3b-ac96-4763-b5ff-b7e36ea6f085', '77cee95d-809d-4f80-9106-81326ba12d36', 3, '69ff5acd-fcbe-4753-9719-355e0b339e49', '69ff5acd-fcbe-4753-9719-355e0b339e49', '2026-07-09 23:17:17-05', '2026-07-10 02:12:37-05', 'completada', TRUE);
INSERT INTO "accesos_vehiculares" ("id", "usuario_id", "vehiculo_id", "zona_id", "guardia_entrada_id", "guardia_salida_id", "hora_ingreso", "hora_salida", "estado", "enabled") VALUES ('e9c157ef-1db0-4924-9aef-067da4569a0f', '369fd18d-0e4b-42cd-a48f-09f2a59d49c0', '1a1a5af6-c809-4ad4-a893-df2619c99ad1', 1, '8cf75e11-dcbe-4753-9719-355e0b339e41', '69ff5acd-fcbe-4753-9719-355e0b339e49', '2026-07-06 18:39:02-05', '2026-07-07 01:54:07-05', 'completada', TRUE);
INSERT INTO "accesos_vehiculares" ("id", "usuario_id", "vehiculo_id", "zona_id", "guardia_entrada_id", "guardia_salida_id", "hora_ingreso", "hora_salida", "estado", "enabled") VALUES ('f5edbe0b-cea8-4ff4-bb82-8d6b55493ea6', '27777001-717e-43bf-be7f-94c49f5f1a93', '1184c441-ff81-4fbc-89cd-f6613b1100ab', 1, '8cf75e12-dcbe-4753-9719-355e0b339e42', '69ff5acd-fcbe-4753-9719-355e0b339e49', '2026-07-06 04:05:14-05', '2026-07-06 06:09:25-05', 'completada', TRUE);
INSERT INTO "accesos_vehiculares" ("id", "usuario_id", "vehiculo_id", "zona_id", "guardia_entrada_id", "guardia_salida_id", "hora_ingreso", "hora_salida", "estado", "enabled") VALUES ('d9b3a2ac-b58a-4902-8c9d-686bbf3d6eb7', '4204b1e6-670d-42d3-a09f-74f3d51368be', 'da40af85-6e2f-4fb8-977a-e1b72e5967f1', 2, '8cf75e12-dcbe-4753-9719-355e0b339e42', '69ff5acd-fcbe-4753-9719-355e0b339e49', '2026-07-08 19:34:08-05', '2026-07-08 23:49:50-05', 'completada', TRUE);
INSERT INTO "accesos_vehiculares" ("id", "usuario_id", "vehiculo_id", "zona_id", "guardia_entrada_id", "guardia_salida_id", "hora_ingreso", "hora_salida", "estado", "enabled") VALUES ('a9580a01-dfb7-48e1-bba3-2c61cb05fd71', '3447b797-8efc-4746-9a6e-51d11cf4684e', '95ce259c-7671-4de7-90d8-cab60d3a7a9c', 2, '8cf75e12-dcbe-4753-9719-355e0b339e42', '69ff5acd-fcbe-4753-9719-355e0b339e49', '2026-07-08 13:02:41-05', '2026-07-08 20:40:02-05', 'completada', TRUE);
INSERT INTO "accesos_vehiculares" ("id", "usuario_id", "vehiculo_id", "zona_id", "guardia_entrada_id", "guardia_salida_id", "hora_ingreso", "hora_salida", "estado", "enabled") VALUES ('574e9857-f22c-4076-aba2-432169af02cb', 'afcbdf8b-952c-43d1-9eb5-20e832311ed7', '857aa54d-8e3e-4970-bcfe-f2d3de73c4f6', 4, '69ff5acd-fcbe-4753-9719-355e0b339e49', '8cf75e11-dcbe-4753-9719-355e0b339e41', '2026-07-08 09:46:13-05', '2026-07-08 17:22:10-05', 'completada', TRUE);
INSERT INTO "accesos_vehiculares" ("id", "usuario_id", "vehiculo_id", "zona_id", "guardia_entrada_id", "guardia_salida_id", "hora_ingreso", "hora_salida", "estado", "enabled") VALUES ('7e6eccc4-5228-4492-ac9f-b88b907892e5', '77d51b91-e1c9-49cc-bf21-e67ebfc29326', 'c1557b6b-d0c8-4038-a33f-f41e25960d17', 2, '8cf75e12-dcbe-4753-9719-355e0b339e42', '8cf75e12-dcbe-4753-9719-355e0b339e42', '2026-07-10 18:35:33-05', '2026-07-10 23:24:56-05', 'completada', TRUE);
INSERT INTO "accesos_vehiculares" ("id", "usuario_id", "vehiculo_id", "zona_id", "guardia_entrada_id", "guardia_salida_id", "hora_ingreso", "hora_salida", "estado", "enabled") VALUES ('bcf3144a-3dad-4b3b-8673-770731eeba61', 'aeb6eb82-34dc-4f00-8a33-0c72dfe37403', '6e1c653c-45cd-49fc-9110-745c471c0f52', 2, '8cf75e11-dcbe-4753-9719-355e0b339e41', '8cf75e11-dcbe-4753-9719-355e0b339e41', '2026-07-05 23:49:30-05', '2026-07-06 04:13:28-05', 'completada', TRUE);
INSERT INTO "accesos_vehiculares" ("id", "usuario_id", "vehiculo_id", "zona_id", "guardia_entrada_id", "guardia_salida_id", "hora_ingreso", "hora_salida", "estado", "enabled") VALUES ('9ae37544-3ce5-4f27-ae12-0a18a227c103', 'fd7a50f4-53f7-4f89-bf0a-4e6fcb185618', 'ffc800af-0b68-47f7-b74e-91b977effc09', 3, '8cf75e11-dcbe-4753-9719-355e0b339e41', '8cf75e11-dcbe-4753-9719-355e0b339e41', '2026-07-12 21:19:27-05', '2026-07-13 03:23:37-05', 'completada', TRUE);
INSERT INTO "accesos_vehiculares" ("id", "usuario_id", "vehiculo_id", "zona_id", "guardia_entrada_id", "guardia_salida_id", "hora_ingreso", "hora_salida", "estado", "enabled") VALUES ('d24d5429-3999-4b01-8725-ff6a88d304b6', '27777001-717e-43bf-be7f-94c49f5f1a93', '1184c441-ff81-4fbc-89cd-f6613b1100ab', 3, '8cf75e11-dcbe-4753-9719-355e0b339e41', '8cf75e12-dcbe-4753-9719-355e0b339e42', '2026-07-10 17:07:04-05', '2026-07-10 22:15:39-05', 'completada', TRUE);
INSERT INTO "accesos_vehiculares" ("id", "usuario_id", "vehiculo_id", "zona_id", "guardia_entrada_id", "guardia_salida_id", "hora_ingreso", "hora_salida", "estado", "enabled") VALUES ('3e2fe8fb-1904-40f3-b7a7-b22ac01ac873', 'cbafcc7f-b3ea-4f8b-bb3b-8ae83bb62452', '94e7fd40-ade0-40e0-8497-c922763e42ac', 1, '69ff5acd-fcbe-4753-9719-355e0b339e49', '69ff5acd-fcbe-4753-9719-355e0b339e49', '2026-07-12 08:13:23-05', '2026-07-12 15:17:28-05', 'completada', TRUE);
INSERT INTO "accesos_vehiculares" ("id", "usuario_id", "vehiculo_id", "zona_id", "guardia_entrada_id", "guardia_salida_id", "hora_ingreso", "hora_salida", "estado", "enabled") VALUES ('50ea0948-deaa-4d16-afe2-0181ea60f5df', 'cbafcc7f-b3ea-4f8b-bb3b-8ae83bb62452', 'fc685bb9-8d10-4c4e-b877-5b8c2d60ddbd', 4, '8cf75e11-dcbe-4753-9719-355e0b339e41', '8cf75e11-dcbe-4753-9719-355e0b339e41', '2026-07-06 14:29:22-05', '2026-07-06 16:58:16-05', 'completada', TRUE);
INSERT INTO "accesos_vehiculares" ("id", "usuario_id", "vehiculo_id", "zona_id", "guardia_entrada_id", "guardia_salida_id", "hora_ingreso", "hora_salida", "estado", "enabled") VALUES ('b0b067b8-5cb9-44d8-8666-710bbbfac05b', 'fd7a50f4-53f7-4f89-bf0a-4e6fcb185618', 'ffc800af-0b68-47f7-b74e-91b977effc09', 2, '8cf75e11-dcbe-4753-9719-355e0b339e41', '69ff5acd-fcbe-4753-9719-355e0b339e49', '2026-07-06 21:00:20-05', '2026-07-06 23:46:17-05', 'completada', TRUE);
INSERT INTO "accesos_vehiculares" ("id", "usuario_id", "vehiculo_id", "zona_id", "guardia_entrada_id", "guardia_salida_id", "hora_ingreso", "hora_salida", "estado", "enabled") VALUES ('6361db1c-d3ed-494b-9aa0-bba05aa56469', '6dd22cd6-6545-4f7e-8363-976cd73c390b', 'bd250b4d-5212-4135-b135-d30c4de919f8', 4, '8cf75e12-dcbe-4753-9719-355e0b339e42', '8cf75e11-dcbe-4753-9719-355e0b339e41', '2026-07-02 23:48:40-05', '2026-07-03 01:10:33-05', 'completada', TRUE);
INSERT INTO "accesos_vehiculares" ("id", "usuario_id", "vehiculo_id", "zona_id", "guardia_entrada_id", "guardia_salida_id", "hora_ingreso", "hora_salida", "estado", "enabled") VALUES ('6ae94bae-9d0d-4e54-80e5-60ceaa9cf1ad', 'aeb6eb82-34dc-4f00-8a33-0c72dfe37403', '6e1c653c-45cd-49fc-9110-745c471c0f52', 3, '8cf75e12-dcbe-4753-9719-355e0b339e42', '69ff5acd-fcbe-4753-9719-355e0b339e49', '2026-07-03 17:32:09-05', '2026-07-03 18:49:03-05', 'completada', TRUE);
INSERT INTO "accesos_vehiculares" ("id", "usuario_id", "vehiculo_id", "zona_id", "guardia_entrada_id", "guardia_salida_id", "hora_ingreso", "hora_salida", "estado", "enabled") VALUES ('5364f64f-3093-498f-96fe-7f4b1c6ab9c4', 'aeb6eb82-34dc-4f00-8a33-0c72dfe37403', '6e1c653c-45cd-49fc-9110-745c471c0f52', 1, '8cf75e12-dcbe-4753-9719-355e0b339e42', '69ff5acd-fcbe-4753-9719-355e0b339e49', '2026-07-15 06:57:20-05', '2026-07-15 09:01:20-05', 'completada', TRUE);
INSERT INTO "accesos_vehiculares" ("id", "usuario_id", "vehiculo_id", "zona_id", "guardia_entrada_id", "guardia_salida_id", "hora_ingreso", "hora_salida", "estado", "enabled") VALUES ('b3a0fbf5-9463-4021-9b63-7bbdec750fd3', '6dd22cd6-6545-4f7e-8363-976cd73c390b', 'bd250b4d-5212-4135-b135-d30c4de919f8', 4, '8cf75e12-dcbe-4753-9719-355e0b339e42', '8cf75e11-dcbe-4753-9719-355e0b339e41', '2026-07-12 17:50:18-05', '2026-07-13 01:28:22-05', 'completada', TRUE);
INSERT INTO "accesos_vehiculares" ("id", "usuario_id", "vehiculo_id", "zona_id", "guardia_entrada_id", "guardia_salida_id", "hora_ingreso", "hora_salida", "estado", "enabled") VALUES ('71896c93-611f-4fba-9dfe-a0e1d4094593', '999e7d3b-ac96-4763-b5ff-b7e36ea6f085', '77cee95d-809d-4f80-9106-81326ba12d36', 2, '8cf75e12-dcbe-4753-9719-355e0b339e42', '8cf75e12-dcbe-4753-9719-355e0b339e42', '2026-07-05 05:14:14-05', '2026-07-05 12:59:00-05', 'completada', TRUE);
INSERT INTO "accesos_vehiculares" ("id", "usuario_id", "vehiculo_id", "zona_id", "guardia_entrada_id", "guardia_salida_id", "hora_ingreso", "hora_salida", "estado", "enabled") VALUES ('192fd79f-e8ef-4452-aab7-f2482394bad4', 'adcec263-d2f7-4bcd-96cd-01f11d89ace1', '6259399d-857c-44c7-8ce1-e6e72a789dfe', 1, '69ff5acd-fcbe-4753-9719-355e0b339e49', '8cf75e11-dcbe-4753-9719-355e0b339e41', '2026-07-17 04:07:58-05', '2026-07-17 09:11:00-05', 'completada', TRUE);
INSERT INTO "accesos_vehiculares" ("id", "usuario_id", "vehiculo_id", "zona_id", "guardia_entrada_id", "guardia_salida_id", "hora_ingreso", "hora_salida", "estado", "enabled") VALUES ('22b39e29-fcac-4f9d-948f-aec6c25c6b5a', 'afcbdf8b-952c-43d1-9eb5-20e832311ed7', '857aa54d-8e3e-4970-bcfe-f2d3de73c4f6', 4, '8cf75e11-dcbe-4753-9719-355e0b339e41', '8cf75e12-dcbe-4753-9719-355e0b339e42', '2026-07-12 20:40:42-05', '2026-07-13 00:27:17-05', 'completada', TRUE);
INSERT INTO "accesos_vehiculares" ("id", "usuario_id", "vehiculo_id", "zona_id", "guardia_entrada_id", "guardia_salida_id", "hora_ingreso", "hora_salida", "estado", "enabled") VALUES ('e818c655-54f5-4820-ab6d-61d70cb9c8d7', '3447b797-8efc-4746-9a6e-51d11cf4684e', '95ce259c-7671-4de7-90d8-cab60d3a7a9c', 1, '8cf75e12-dcbe-4753-9719-355e0b339e42', '8cf75e12-dcbe-4753-9719-355e0b339e42', '2026-07-11 13:59:18-05', '2026-07-11 16:41:18-05', 'completada', TRUE);
INSERT INTO "accesos_vehiculares" ("id", "usuario_id", "vehiculo_id", "zona_id", "guardia_entrada_id", "guardia_salida_id", "hora_ingreso", "hora_salida", "estado", "enabled") VALUES ('7b1214cf-1820-4217-9e8d-9ac95d3c493a', '369fd18d-0e4b-42cd-a48f-09f2a59d49c0', '1a1a5af6-c809-4ad4-a893-df2619c99ad1', 3, '69ff5acd-fcbe-4753-9719-355e0b339e49', '8cf75e12-dcbe-4753-9719-355e0b339e42', '2026-07-11 16:58:53-05', '2026-07-11 23:33:18-05', 'completada', TRUE);
INSERT INTO "accesos_vehiculares" ("id", "usuario_id", "vehiculo_id", "zona_id", "guardia_entrada_id", "guardia_salida_id", "hora_ingreso", "hora_salida", "estado", "enabled") VALUES ('aae977a6-886f-4573-bc84-fd3a4e42f815', 'cbafcc7f-b3ea-4f8b-bb3b-8ae83bb62452', 'fc685bb9-8d10-4c4e-b877-5b8c2d60ddbd', 4, '8cf75e11-dcbe-4753-9719-355e0b339e41', '69ff5acd-fcbe-4753-9719-355e0b339e49', '2026-07-07 21:49:36-05', '2026-07-08 03:27:26-05', 'completada', TRUE);
INSERT INTO "accesos_vehiculares" ("id", "usuario_id", "vehiculo_id", "zona_id", "guardia_entrada_id", "guardia_salida_id", "hora_ingreso", "hora_salida", "estado", "enabled") VALUES ('2bdc5093-114f-45a1-a373-db9f87bd5a09', '40113be2-af37-4339-b465-9c5f73a619e8', '00c2abf4-4aa0-482d-8c94-9091dc5fdbe6', 4, '69ff5acd-fcbe-4753-9719-355e0b339e49', '8cf75e11-dcbe-4753-9719-355e0b339e41', '2026-07-12 09:56:56-05', '2026-07-12 16:53:45-05', 'completada', TRUE);
INSERT INTO "accesos_vehiculares" ("id", "usuario_id", "vehiculo_id", "zona_id", "guardia_entrada_id", "guardia_salida_id", "hora_ingreso", "hora_salida", "estado", "enabled") VALUES ('8f6cb9a7-abb3-4946-9d9a-9de94472bbcc', 'adcec263-d2f7-4bcd-96cd-01f11d89ace1', '6259399d-857c-44c7-8ce1-e6e72a789dfe', 2, '8cf75e12-dcbe-4753-9719-355e0b339e42', '8cf75e11-dcbe-4753-9719-355e0b339e41', '2026-07-17 02:43:00-05', '2026-07-17 09:57:28-05', 'completada', TRUE);
INSERT INTO "accesos_vehiculares" ("id", "usuario_id", "vehiculo_id", "zona_id", "guardia_entrada_id", "guardia_salida_id", "hora_ingreso", "hora_salida", "estado", "enabled") VALUES ('0cdc7afc-d40f-4571-ad95-93c8070fc028', '27777001-717e-43bf-be7f-94c49f5f1a93', '1184c441-ff81-4fbc-89cd-f6613b1100ab', 2, '8cf75e12-dcbe-4753-9719-355e0b339e42', '8cf75e11-dcbe-4753-9719-355e0b339e41', '2026-07-05 08:14:33-05', '2026-07-05 16:00:03-05', 'completada', TRUE);
INSERT INTO "accesos_vehiculares" ("id", "usuario_id", "vehiculo_id", "zona_id", "guardia_entrada_id", "guardia_salida_id", "hora_ingreso", "hora_salida", "estado", "enabled") VALUES ('863c45bc-e575-4e66-9289-87cf28b418f7', 'efadc208-eb2d-45b6-9203-207b2c70dc8c', '9d3954c3-2fa9-4bff-898d-a1e01fe42018', 3, '8cf75e11-dcbe-4753-9719-355e0b339e41', '8cf75e12-dcbe-4753-9719-355e0b339e42', '2026-07-14 07:42:15-05', '2026-07-14 11:45:11-05', 'completada', TRUE);
INSERT INTO "accesos_vehiculares" ("id", "usuario_id", "vehiculo_id", "zona_id", "guardia_entrada_id", "guardia_salida_id", "hora_ingreso", "hora_salida", "estado", "enabled") VALUES ('db44da43-a12d-4ad3-a968-6582e50a1be5', 'afcbdf8b-952c-43d1-9eb5-20e832311ed7', '857aa54d-8e3e-4970-bcfe-f2d3de73c4f6', 4, '69ff5acd-fcbe-4753-9719-355e0b339e49', '69ff5acd-fcbe-4753-9719-355e0b339e49', '2026-07-06 17:27:20-05', '2026-07-07 00:16:15-05', 'completada', TRUE);
INSERT INTO "accesos_vehiculares" ("id", "usuario_id", "vehiculo_id", "zona_id", "guardia_entrada_id", "guardia_salida_id", "hora_ingreso", "hora_salida", "estado", "enabled") VALUES ('f48a24f3-a916-42e3-a19a-b38e6c4bb53f', '999e7d3b-ac96-4763-b5ff-b7e36ea6f085', '77cee95d-809d-4f80-9106-81326ba12d36', 2, '8cf75e11-dcbe-4753-9719-355e0b339e41', '8cf75e12-dcbe-4753-9719-355e0b339e42', '2026-07-06 08:37:27-05', '2026-07-06 13:36:47-05', 'completada', TRUE);
INSERT INTO "accesos_vehiculares" ("id", "usuario_id", "vehiculo_id", "zona_id", "guardia_entrada_id", "guardia_salida_id", "hora_ingreso", "hora_salida", "estado", "enabled") VALUES ('f7991bab-2fd4-4a23-91d7-d2dcfb753f3b', '77d51b91-e1c9-49cc-bf21-e67ebfc29326', 'c1557b6b-d0c8-4038-a33f-f41e25960d17', 2, '8cf75e11-dcbe-4753-9719-355e0b339e41', '69ff5acd-fcbe-4753-9719-355e0b339e49', '2026-07-03 03:09:55-05', '2026-07-03 05:26:17-05', 'completada', TRUE);
INSERT INTO "accesos_vehiculares" ("id", "usuario_id", "vehiculo_id", "zona_id", "guardia_entrada_id", "guardia_salida_id", "hora_ingreso", "hora_salida", "estado", "enabled") VALUES ('edbef49c-ed4a-4461-abda-5b749a59a3c0', '11b2e81b-27fb-469a-a37e-894a6594739d', 'e678ad7c-9f4c-4cb9-bca9-e30f34b3fd4d', 2, '8cf75e12-dcbe-4753-9719-355e0b339e42', '8cf75e11-dcbe-4753-9719-355e0b339e41', '2026-07-07 19:21:19-05', '2026-07-08 01:15:48-05', 'completada', TRUE);
INSERT INTO "accesos_vehiculares" ("id", "usuario_id", "vehiculo_id", "zona_id", "guardia_entrada_id", "guardia_salida_id", "hora_ingreso", "hora_salida", "estado", "enabled") VALUES ('ad23cace-7142-4494-b0fd-9830cc0c9089', 'afcbdf8b-952c-43d1-9eb5-20e832311ed7', 'd3bfd0a5-a662-4b36-a224-2919939fdc6e', 1, '69ff5acd-fcbe-4753-9719-355e0b339e49', '8cf75e12-dcbe-4753-9719-355e0b339e42', '2026-07-10 10:49:08-05', '2026-07-10 12:25:06-05', 'completada', TRUE);
INSERT INTO "accesos_vehiculares" ("id", "usuario_id", "vehiculo_id", "zona_id", "guardia_entrada_id", "guardia_salida_id", "hora_ingreso", "hora_salida", "estado", "enabled") VALUES ('e6e45481-9ecf-4b53-a45c-3bdfc799bbc6', 'd9651b5f-09e3-49e1-accf-4e161cd893ae', '07b38cab-e4ab-4515-b7d0-c4be6dffe90d', 4, '69ff5acd-fcbe-4753-9719-355e0b339e49', '8cf75e12-dcbe-4753-9719-355e0b339e42', '2026-07-10 00:43:16-05', '2026-07-10 06:33:20-05', 'completada', TRUE);
INSERT INTO "accesos_vehiculares" ("id", "usuario_id", "vehiculo_id", "zona_id", "guardia_entrada_id", "guardia_salida_id", "hora_ingreso", "hora_salida", "estado", "enabled") VALUES ('bfbeba9a-bd06-4623-b3b1-4354c4282d00', '6dd22cd6-6545-4f7e-8363-976cd73c390b', 'bd250b4d-5212-4135-b135-d30c4de919f8', 4, '69ff5acd-fcbe-4753-9719-355e0b339e49', '69ff5acd-fcbe-4753-9719-355e0b339e49', '2026-07-09 10:10:34-05', '2026-07-09 11:49:39-05', 'completada', TRUE);
INSERT INTO "accesos_vehiculares" ("id", "usuario_id", "vehiculo_id", "zona_id", "guardia_entrada_id", "guardia_salida_id", "hora_ingreso", "hora_salida", "estado", "enabled") VALUES ('9a51784b-ae09-4a5e-b47e-8586770e17aa', '77d51b91-e1c9-49cc-bf21-e67ebfc29326', 'c1557b6b-d0c8-4038-a33f-f41e25960d17', 3, '8cf75e12-dcbe-4753-9719-355e0b339e42', '8cf75e11-dcbe-4753-9719-355e0b339e41', '2026-07-06 08:25:23-05', '2026-07-06 13:29:38-05', 'completada', TRUE);
INSERT INTO "accesos_vehiculares" ("id", "usuario_id", "vehiculo_id", "zona_id", "guardia_entrada_id", "guardia_salida_id", "hora_ingreso", "hora_salida", "estado", "enabled") VALUES ('addb3403-205b-40eb-9e15-7ecbaefd3c2d', 'afcbdf8b-952c-43d1-9eb5-20e832311ed7', 'd3bfd0a5-a662-4b36-a224-2919939fdc6e', 3, '8cf75e12-dcbe-4753-9719-355e0b339e42', '8cf75e11-dcbe-4753-9719-355e0b339e41', '2026-07-07 20:35:09-05', '2026-07-08 01:26:19-05', 'completada', TRUE);
INSERT INTO "accesos_vehiculares" ("id", "usuario_id", "vehiculo_id", "zona_id", "guardia_entrada_id", "guardia_salida_id", "hora_ingreso", "hora_salida", "estado", "enabled") VALUES ('d151e404-478f-4a72-8c37-a8ae4c464e8c', 'd75098cf-406f-42de-89bb-b6c1fc4871c1', '2d0ae0ba-e679-4b2a-9ffd-f8139762c6a1', 2, '69ff5acd-fcbe-4753-9719-355e0b339e49', '69ff5acd-fcbe-4753-9719-355e0b339e49', '2026-07-07 07:13:03-05', '2026-07-07 09:03:43-05', 'completada', TRUE);
INSERT INTO "accesos_vehiculares" ("id", "usuario_id", "vehiculo_id", "zona_id", "guardia_entrada_id", "guardia_salida_id", "hora_ingreso", "hora_salida", "estado", "enabled") VALUES ('64837867-658b-4799-85a9-8e5441abc8f9', 'fd7a50f4-53f7-4f89-bf0a-4e6fcb185618', 'ffc800af-0b68-47f7-b74e-91b977effc09', 1, '8cf75e12-dcbe-4753-9719-355e0b339e42', '69ff5acd-fcbe-4753-9719-355e0b339e49', '2026-07-13 20:16:13-05', '2026-07-13 22:33:59-05', 'completada', TRUE);
INSERT INTO "accesos_vehiculares" ("id", "usuario_id", "vehiculo_id", "zona_id", "guardia_entrada_id", "guardia_salida_id", "hora_ingreso", "hora_salida", "estado", "enabled") VALUES ('ad4c55eb-93e3-4401-b0de-65a044a63b5f', '6dd22cd6-6545-4f7e-8363-976cd73c390b', 'bd250b4d-5212-4135-b135-d30c4de919f8', 4, '8cf75e12-dcbe-4753-9719-355e0b339e42', '8cf75e12-dcbe-4753-9719-355e0b339e42', '2026-07-06 20:22:23-05', '2026-07-07 04:12:34-05', 'completada', TRUE);
INSERT INTO "accesos_vehiculares" ("id", "usuario_id", "vehiculo_id", "zona_id", "guardia_entrada_id", "guardia_salida_id", "hora_ingreso", "hora_salida", "estado", "enabled") VALUES ('4d7448a8-2489-4375-9dc3-604f46377629', 'efadc208-eb2d-45b6-9203-207b2c70dc8c', '9d3954c3-2fa9-4bff-898d-a1e01fe42018', 2, '69ff5acd-fcbe-4753-9719-355e0b339e49', '8cf75e11-dcbe-4753-9719-355e0b339e41', '2026-07-17 09:49:01-05', '2026-07-17 12:53:27-05', 'completada', TRUE);
INSERT INTO "accesos_vehiculares" ("id", "usuario_id", "vehiculo_id", "zona_id", "guardia_entrada_id", "guardia_salida_id", "hora_ingreso", "hora_salida", "estado", "enabled") VALUES ('f38fe15c-f80f-46a0-acdc-661d0119bf22', '309b04ed-b6fa-4df5-8ed7-c106c220fd16', 'c23893a7-f4a9-4e05-8424-4c07fb559d4d', 4, '8cf75e12-dcbe-4753-9719-355e0b339e42', '8cf75e11-dcbe-4753-9719-355e0b339e41', '2026-07-07 05:38:58-05', '2026-07-07 10:23:18-05', 'completada', TRUE);
INSERT INTO "accesos_vehiculares" ("id", "usuario_id", "vehiculo_id", "zona_id", "guardia_entrada_id", "guardia_salida_id", "hora_ingreso", "hora_salida", "estado", "enabled") VALUES ('1f3d3a72-8f51-4467-b6ed-55c3e3c22e9e', 'cbafcc7f-b3ea-4f8b-bb3b-8ae83bb62452', 'fc685bb9-8d10-4c4e-b877-5b8c2d60ddbd', 4, '8cf75e12-dcbe-4753-9719-355e0b339e42', '69ff5acd-fcbe-4753-9719-355e0b339e49', '2026-07-17 07:34:46-05', '2026-07-17 10:37:28-05', 'completada', TRUE);
INSERT INTO "accesos_vehiculares" ("id", "usuario_id", "vehiculo_id", "zona_id", "guardia_entrada_id", "guardia_salida_id", "hora_ingreso", "hora_salida", "estado", "enabled") VALUES ('5bccba8f-ee4c-480c-8bb7-abb6c4c5c5e0', '6dd22cd6-6545-4f7e-8363-976cd73c390b', 'bd250b4d-5212-4135-b135-d30c4de919f8', 4, '69ff5acd-fcbe-4753-9719-355e0b339e49', '8cf75e11-dcbe-4753-9719-355e0b339e41', '2026-07-04 05:45:53-05', '2026-07-04 10:47:00-05', 'completada', TRUE);
INSERT INTO "accesos_vehiculares" ("id", "usuario_id", "vehiculo_id", "zona_id", "guardia_entrada_id", "guardia_salida_id", "hora_ingreso", "hora_salida", "estado", "enabled") VALUES ('64401843-aca5-419d-ad79-43bf8e39763f', '6dd22cd6-6545-4f7e-8363-976cd73c390b', 'bd250b4d-5212-4135-b135-d30c4de919f8', 4, '69ff5acd-fcbe-4753-9719-355e0b339e49', '8cf75e11-dcbe-4753-9719-355e0b339e41', '2026-07-09 07:24:07-05', '2026-07-09 15:09:38-05', 'completada', TRUE);
INSERT INTO "accesos_vehiculares" ("id", "usuario_id", "vehiculo_id", "zona_id", "guardia_entrada_id", "guardia_salida_id", "hora_ingreso", "hora_salida", "estado", "enabled") VALUES ('dce3e788-f4f9-4a76-b371-dc87b7f8696c', '6dd22cd6-6545-4f7e-8363-976cd73c390b', 'bd250b4d-5212-4135-b135-d30c4de919f8', 4, '69ff5acd-fcbe-4753-9719-355e0b339e49', '69ff5acd-fcbe-4753-9719-355e0b339e49', '2026-07-04 09:54:16-05', '2026-07-04 13:42:34-05', 'completada', TRUE);
INSERT INTO "accesos_vehiculares" ("id", "usuario_id", "vehiculo_id", "zona_id", "guardia_entrada_id", "guardia_salida_id", "hora_ingreso", "hora_salida", "estado", "enabled") VALUES ('4ea9bd22-7487-412f-832a-9c860416d19d', 'afcbdf8b-952c-43d1-9eb5-20e832311ed7', '857aa54d-8e3e-4970-bcfe-f2d3de73c4f6', 4, '69ff5acd-fcbe-4753-9719-355e0b339e49', '8cf75e12-dcbe-4753-9719-355e0b339e42', '2026-07-12 03:26:01-05', '2026-07-12 05:29:45-05', 'completada', TRUE);
INSERT INTO "accesos_vehiculares" ("id", "usuario_id", "vehiculo_id", "zona_id", "guardia_entrada_id", "guardia_salida_id", "hora_ingreso", "hora_salida", "estado", "enabled") VALUES ('ba4f7bf5-8750-42b0-8fa5-10d0f43cc482', '369fd18d-0e4b-42cd-a48f-09f2a59d49c0', '1a1a5af6-c809-4ad4-a893-df2619c99ad1', 1, '69ff5acd-fcbe-4753-9719-355e0b339e49', NULL, '2026-07-17 14:38:37-05', NULL, 'en_curso', TRUE);
INSERT INTO "accesos_vehiculares" ("id", "usuario_id", "vehiculo_id", "zona_id", "guardia_entrada_id", "guardia_salida_id", "hora_ingreso", "hora_salida", "estado", "enabled") VALUES ('f05922a6-25d7-4b39-bd9e-0e86fb854374', 'd9651b5f-09e3-49e1-accf-4e161cd893ae', '07b38cab-e4ab-4515-b7d0-c4be6dffe90d', 4, '8cf75e12-dcbe-4753-9719-355e0b339e42', '8cf75e12-dcbe-4753-9719-355e0b339e42', '2026-07-11 19:06:27-05', '2026-07-11 21:41:14-05', 'completada', TRUE);
INSERT INTO "accesos_vehiculares" ("id", "usuario_id", "vehiculo_id", "zona_id", "guardia_entrada_id", "guardia_salida_id", "hora_ingreso", "hora_salida", "estado", "enabled") VALUES ('7696a97b-7483-4327-adea-9ebad29d7bee', '77d51b91-e1c9-49cc-bf21-e67ebfc29326', 'c1557b6b-d0c8-4038-a33f-f41e25960d17', 2, '8cf75e11-dcbe-4753-9719-355e0b339e41', '8cf75e11-dcbe-4753-9719-355e0b339e41', '2026-07-16 07:53:41-05', '2026-07-16 14:54:57-05', 'completada', TRUE);
INSERT INTO "accesos_vehiculares" ("id", "usuario_id", "vehiculo_id", "zona_id", "guardia_entrada_id", "guardia_salida_id", "hora_ingreso", "hora_salida", "estado", "enabled") VALUES ('c958e8c3-9cc5-405d-a3f9-653d4e5035e5', '369fd18d-0e4b-42cd-a48f-09f2a59d49c0', '1a1a5af6-c809-4ad4-a893-df2619c99ad1', 3, '8cf75e12-dcbe-4753-9719-355e0b339e42', '69ff5acd-fcbe-4753-9719-355e0b339e49', '2026-07-12 00:24:11-05', '2026-07-12 08:07:26-05', 'completada', TRUE);
INSERT INTO "accesos_vehiculares" ("id", "usuario_id", "vehiculo_id", "zona_id", "guardia_entrada_id", "guardia_salida_id", "hora_ingreso", "hora_salida", "estado", "enabled") VALUES ('46d89770-45b7-4c36-a22c-f5cc1bfc5e96', '3447b797-8efc-4746-9a6e-51d11cf4684e', '95ce259c-7671-4de7-90d8-cab60d3a7a9c', 3, '8cf75e12-dcbe-4753-9719-355e0b339e42', '69ff5acd-fcbe-4753-9719-355e0b339e49', '2026-07-05 20:48:08-05', '2026-07-05 22:22:14-05', 'completada', TRUE);
INSERT INTO "accesos_vehiculares" ("id", "usuario_id", "vehiculo_id", "zona_id", "guardia_entrada_id", "guardia_salida_id", "hora_ingreso", "hora_salida", "estado", "enabled") VALUES ('d95c494b-b375-4757-b64f-1d49211381d1', '309b04ed-b6fa-4df5-8ed7-c106c220fd16', 'c23893a7-f4a9-4e05-8424-4c07fb559d4d', 4, '69ff5acd-fcbe-4753-9719-355e0b339e49', '8cf75e11-dcbe-4753-9719-355e0b339e41', '2026-07-10 23:33:01-05', '2026-07-11 00:34:09-05', 'completada', TRUE);
INSERT INTO "accesos_vehiculares" ("id", "usuario_id", "vehiculo_id", "zona_id", "guardia_entrada_id", "guardia_salida_id", "hora_ingreso", "hora_salida", "estado", "enabled") VALUES ('5c1fe09b-6901-421d-93bf-70bce83a1e5e', 'efadc208-eb2d-45b6-9203-207b2c70dc8c', '9d3954c3-2fa9-4bff-898d-a1e01fe42018', 2, '69ff5acd-fcbe-4753-9719-355e0b339e49', '8cf75e11-dcbe-4753-9719-355e0b339e41', '2026-07-07 01:41:12-05', '2026-07-07 04:42:12-05', 'completada', TRUE);
INSERT INTO "accesos_vehiculares" ("id", "usuario_id", "vehiculo_id", "zona_id", "guardia_entrada_id", "guardia_salida_id", "hora_ingreso", "hora_salida", "estado", "enabled") VALUES ('601105e8-415f-41c0-af32-e375594bc998', 'd75098cf-406f-42de-89bb-b6c1fc4871c1', '2d0ae0ba-e679-4b2a-9ffd-f8139762c6a1', 1, '8cf75e11-dcbe-4753-9719-355e0b339e41', '8cf75e12-dcbe-4753-9719-355e0b339e42', '2026-07-13 00:17:30-05', '2026-07-13 06:48:24-05', 'completada', TRUE);
INSERT INTO "accesos_vehiculares" ("id", "usuario_id", "vehiculo_id", "zona_id", "guardia_entrada_id", "guardia_salida_id", "hora_ingreso", "hora_salida", "estado", "enabled") VALUES ('f0dbbf65-695b-40a1-9ffb-70d6cb80b489', 'afcbdf8b-952c-43d1-9eb5-20e832311ed7', '857aa54d-8e3e-4970-bcfe-f2d3de73c4f6', 4, '69ff5acd-fcbe-4753-9719-355e0b339e49', '8cf75e12-dcbe-4753-9719-355e0b339e42', '2026-07-12 14:51:33-05', '2026-07-12 18:50:06-05', 'completada', TRUE);
INSERT INTO "accesos_vehiculares" ("id", "usuario_id", "vehiculo_id", "zona_id", "guardia_entrada_id", "guardia_salida_id", "hora_ingreso", "hora_salida", "estado", "enabled") VALUES ('79423776-adb0-4b3e-9ac5-c9b068509404', 'aeb6eb82-34dc-4f00-8a33-0c72dfe37403', '6e1c653c-45cd-49fc-9110-745c471c0f52', 3, '8cf75e11-dcbe-4753-9719-355e0b339e41', '69ff5acd-fcbe-4753-9719-355e0b339e49', '2026-07-04 22:28:10-05', '2026-07-05 05:15:21-05', 'completada', TRUE);
INSERT INTO "accesos_vehiculares" ("id", "usuario_id", "vehiculo_id", "zona_id", "guardia_entrada_id", "guardia_salida_id", "hora_ingreso", "hora_salida", "estado", "enabled") VALUES ('89324ab4-c99b-41ad-ab1f-ed7b8248bcde', 'cbafcc7f-b3ea-4f8b-bb3b-8ae83bb62452', 'fc685bb9-8d10-4c4e-b877-5b8c2d60ddbd', 4, '8cf75e11-dcbe-4753-9719-355e0b339e41', '8cf75e12-dcbe-4753-9719-355e0b339e42', '2026-07-05 04:33:55-05', '2026-07-05 09:43:51-05', 'completada', TRUE);
INSERT INTO "accesos_vehiculares" ("id", "usuario_id", "vehiculo_id", "zona_id", "guardia_entrada_id", "guardia_salida_id", "hora_ingreso", "hora_salida", "estado", "enabled") VALUES ('526c7854-ad48-4c63-9d3b-8e08259fa448', '369fd18d-0e4b-42cd-a48f-09f2a59d49c0', '1a1a5af6-c809-4ad4-a893-df2619c99ad1', 2, '8cf75e12-dcbe-4753-9719-355e0b339e42', '8cf75e11-dcbe-4753-9719-355e0b339e41', '2026-07-04 13:36:02-05', '2026-07-04 16:43:45-05', 'completada', TRUE);
INSERT INTO "accesos_vehiculares" ("id", "usuario_id", "vehiculo_id", "zona_id", "guardia_entrada_id", "guardia_salida_id", "hora_ingreso", "hora_salida", "estado", "enabled") VALUES ('9da89c6e-9704-4190-802f-773949d99fe2', 'cbafcc7f-b3ea-4f8b-bb3b-8ae83bb62452', '94e7fd40-ade0-40e0-8497-c922763e42ac', 2, '8cf75e12-dcbe-4753-9719-355e0b339e42', NULL, '2026-07-17 14:32:00-05', NULL, 'en_curso', TRUE);
INSERT INTO "accesos_vehiculares" ("id", "usuario_id", "vehiculo_id", "zona_id", "guardia_entrada_id", "guardia_salida_id", "hora_ingreso", "hora_salida", "estado", "enabled") VALUES ('d3cb844b-9ccf-4d91-9b4a-0951dee0b756', 'cbafcc7f-b3ea-4f8b-bb3b-8ae83bb62452', 'fc685bb9-8d10-4c4e-b877-5b8c2d60ddbd', 4, '8cf75e11-dcbe-4753-9719-355e0b339e41', NULL, '2026-07-17 14:34:00-05', NULL, 'en_curso', TRUE);
INSERT INTO "accesos_vehiculares" ("id", "usuario_id", "vehiculo_id", "zona_id", "guardia_entrada_id", "guardia_salida_id", "hora_ingreso", "hora_salida", "estado", "enabled") VALUES ('b9d2aa94-243d-4a43-9400-84ed31da8bad', '4204b1e6-670d-42d3-a09f-74f3d51368be', 'da40af85-6e2f-4fb8-977a-e1b72e5967f1', 1, '69ff5acd-fcbe-4753-9719-355e0b339e49', NULL, '2026-07-17 14:07:00-05', NULL, 'en_curso', TRUE);
INSERT INTO "accesos_vehiculares" ("id", "usuario_id", "vehiculo_id", "zona_id", "guardia_entrada_id", "guardia_salida_id", "hora_ingreso", "hora_salida", "estado", "enabled") VALUES ('5ef7cd39-d7de-4c7d-ab99-a96b2636e79b', 'adcec263-d2f7-4bcd-96cd-01f11d89ace1', '6259399d-857c-44c7-8ce1-e6e72a789dfe', 2, '8cf75e11-dcbe-4753-9719-355e0b339e41', NULL, '2026-07-17 13:32:00-05', NULL, 'en_curso', TRUE);
INSERT INTO "accesos_vehiculares" ("id", "usuario_id", "vehiculo_id", "zona_id", "guardia_entrada_id", "guardia_salida_id", "hora_ingreso", "hora_salida", "estado", "enabled") VALUES ('e3b8e570-0675-4c52-86fd-99a4ad1c9e64', '27777001-717e-43bf-be7f-94c49f5f1a93', '1184c441-ff81-4fbc-89cd-f6613b1100ab', 3, '69ff5acd-fcbe-4753-9719-355e0b339e49', NULL, '2026-07-17 15:36:00-05', NULL, 'en_curso', TRUE);
INSERT INTO "accesos_vehiculares" ("id", "usuario_id", "vehiculo_id", "zona_id", "guardia_entrada_id", "guardia_salida_id", "hora_ingreso", "hora_salida", "estado", "enabled") VALUES ('93b2a259-957f-41ca-966e-8eb0fcd1f224', '309b04ed-b6fa-4df5-8ed7-c106c220fd16', 'c23893a7-f4a9-4e05-8424-4c07fb559d4d', 4, '69ff5acd-fcbe-4753-9719-355e0b339e49', NULL, '2026-07-17 16:17:00-05', NULL, 'en_curso', TRUE);
INSERT INTO "accesos_vehiculares" ("id", "usuario_id", "vehiculo_id", "zona_id", "guardia_entrada_id", "guardia_salida_id", "hora_ingreso", "hora_salida", "estado", "enabled") VALUES ('4f28a2fb-e38a-4c19-85de-414d0d5a8bde', '3447b797-8efc-4746-9a6e-51d11cf4684e', '95ce259c-7671-4de7-90d8-cab60d3a7a9c', 3, '8cf75e12-dcbe-4753-9719-355e0b339e42', NULL, '2026-07-17 13:06:00-05', NULL, 'en_curso', TRUE);
INSERT INTO "accesos_vehiculares" ("id", "usuario_id", "vehiculo_id", "zona_id", "guardia_entrada_id", "guardia_salida_id", "hora_ingreso", "hora_salida", "estado", "enabled") VALUES ('cd9016dd-acd5-4155-aa00-4d3d3a6068e0', 'aeb6eb82-34dc-4f00-8a33-0c72dfe37403', '6e1c653c-45cd-49fc-9110-745c471c0f52', 3, '8cf75e12-dcbe-4753-9719-355e0b339e42', NULL, '2026-07-17 16:35:00-05', NULL, 'en_curso', TRUE);
INSERT INTO "accesos_vehiculares" ("id", "usuario_id", "vehiculo_id", "zona_id", "guardia_entrada_id", "guardia_salida_id", "hora_ingreso", "hora_salida", "estado", "enabled") VALUES ('c6f622be-05ad-4e3d-be9c-31ca9c9fa828', '999e7d3b-ac96-4763-b5ff-b7e36ea6f085', '77cee95d-809d-4f80-9106-81326ba12d36', 2, '69ff5acd-fcbe-4753-9719-355e0b339e49', NULL, '2026-07-17 14:13:00-05', NULL, 'en_curso', TRUE);
INSERT INTO "accesos_vehiculares" ("id", "usuario_id", "vehiculo_id", "zona_id", "guardia_entrada_id", "guardia_salida_id", "hora_ingreso", "hora_salida", "estado", "enabled") VALUES ('f5a7e1b1-04a1-4bf3-a8a4-c75e6a7ae72a', 'fd7a50f4-53f7-4f89-bf0a-4e6fcb185618', 'ffc800af-0b68-47f7-b74e-91b977effc09', 1, '8cf75e12-dcbe-4753-9719-355e0b339e42', NULL, '2026-07-17 14:40:00-05', NULL, 'en_curso', TRUE);
INSERT INTO "accesos_vehiculares" ("id", "usuario_id", "vehiculo_id", "zona_id", "guardia_entrada_id", "guardia_salida_id", "hora_ingreso", "hora_salida", "estado", "enabled") VALUES ('0456a88e-fc2f-4144-ba20-b1728d234828', '11b2e81b-27fb-469a-a37e-894a6594739d', 'e678ad7c-9f4c-4cb9-bca9-e30f34b3fd4d', 3, '8cf75e11-dcbe-4753-9719-355e0b339e41', NULL, '2026-07-17 14:47:00-05', NULL, 'en_curso', TRUE);
INSERT INTO "accesos_vehiculares" ("id", "usuario_id", "vehiculo_id", "zona_id", "guardia_entrada_id", "guardia_salida_id", "hora_ingreso", "hora_salida", "estado", "enabled") VALUES ('bee4b78f-7566-4946-b6e6-4e2c6c5ab819', '77d51b91-e1c9-49cc-bf21-e67ebfc29326', 'c1557b6b-d0c8-4038-a33f-f41e25960d17', 1, '8cf75e11-dcbe-4753-9719-355e0b339e41', NULL, '2026-07-17 14:11:00-05', NULL, 'en_curso', TRUE);

-- Recalculate aforo_disponible based on en_curso accesses
UPDATE zonas z SET aforo_disponible = aforo_maximo - (SELECT COUNT(*) FROM accesos_vehiculares a WHERE a.zona_id = z.id AND a.estado = 'en_curso');

COMMIT;